行业代码,行业名称,股票代码,股票名称
801020,采掘,000552,靖远煤电
801020,采掘,000571,*ST大洲
801020,采掘,000629,攀钢钒钛
801020,采掘,000655,金岭矿业
801020,采掘,000723,美锦能源
801020,采掘,000762,西藏矿业
801020,采掘,000780,*ST平能
801020,采掘,000833,粤桂股份
801020,采掘,000923,河钢资源
801020,采掘,000937,冀中能源
801020,采掘,000968,蓝焰控股
801020,采掘,000983,西山煤电
801020,采掘,002128,露天煤业
801020,采掘,002207,ST准油
801020,采掘,002554,惠博普
801020,采掘,002629,*ST仁智
801020,采掘,002738,中矿资源
801020,采掘,002828,贝肯能源
801020,采掘,002978,安宁股份
801020,采掘,300157,恒泰艾普
801020,采掘,300164,通源石油
801020,采掘,300191,潜能恒信
801020,采掘,600121,郑州煤电
801020,采掘,600123,兰花科创
801020,采掘,600157,永泰能源
801020,采掘,600188,兖州煤业
801020,采掘,600295,鄂尔多斯
801020,采掘,600339,中油工程
801020,采掘,600348,阳泉煤业
801020,采掘,600395,盘江股份
801020,采掘,600397,安源煤业
801020,采掘,600403,大有能源
801020,采掘,600408,ST安泰
801020,采掘,600508,上海能源
801020,采掘,600532,宏达矿业
801020,采掘,600546,山煤国际
801020,采掘,600583,海油工程
801020,采掘,600725,ST云维
801020,采掘,600740,山西焦化
801020,采掘,600758,辽宁能源
801020,采掘,600759,洲际油气
801020,采掘,600777,新潮能源
801020,采掘,600792,云煤能源
801020,采掘,600871,石化油服
801020,采掘,600968,海油发展
801020,采掘,600971,恒源煤电
801020,采掘,600985,淮北矿业
801020,采掘,600989,宝丰能源
801020,采掘,600997,开滦股份
801020,采掘,601001,大同煤业
801020,采掘,601011,宝泰隆
801020,采掘,601015,陕西黑猫
801020,采掘,601088,中国神华
801020,采掘,601101,昊华能源
801020,采掘,601225,陕西煤业
801020,采掘,601666,平煤股份
801020,采掘,601699,潞安环能
801020,采掘,601808,中海油服
801020,采掘,601857,中国石油
801020,采掘,601898,中煤能源
801020,采掘,601918,新集能源
801020,采掘,601969,海南矿业
801020,采掘,603113,金能科技
801020,采掘,603505,金石资源
801020,采掘,603619,中曼石油
801020,采掘,603727,博迈科
801020,采掘,603979,金诚信
801760,传媒,000038,深大通
801760,传媒,000156,华数传媒
801760,传媒,000526,紫光学大
801760,传媒,000529,广弘控股
801760,传媒,000607,华媒控股
801760,传媒,000665,湖北广电
801760,传媒,000673,*ST当代
801760,传媒,000676,智度股份
801760,传媒,000681,视觉中国
801760,传媒,000719,中原传媒
801760,传媒,000793,华闻集团
801760,传媒,000802,北京文化
801760,传媒,000835,长城动漫
801760,传媒,000892,欢瑞世纪
801760,传媒,000917,电广传媒
801760,传媒,002027,分众传媒
801760,传媒,002071,长城影视
801760,传媒,002095,生意宝
801760,传媒,002103,广博股份
801760,传媒,002113,*ST天润
801760,传媒,002123,梦网集团
801760,传媒,002131,利欧股份
801760,传媒,002137,麦达数字
801760,传媒,002143,印纪退
801760,传媒,002148,北纬科技
801760,传媒,002168,惠程科技
801760,传媒,002174,游族网络
801760,传媒,002175,*ST东网
801760,传媒,002181,粤传媒
801760,传媒,002188,ST巴士
801760,传媒,002238,天威视讯
801760,传媒,002247,*ST聚力
801760,传媒,002261,拓维信息
801760,传媒,002292,奥飞娱乐
801760,传媒,002315,焦点科技
801760,传媒,002343,慈文传媒
801760,传媒,002354,*ST天娱
801760,传媒,002400,省广集团
801760,传媒,002425,凯撒文化
801760,传媒,002445,*ST中南
801760,传媒,002447,*ST晨鑫
801760,传媒,002464,众应互联
801760,传媒,002502,*ST鼎龙
801760,传媒,002517,恺英网络
801760,传媒,002555,三七互娱
801760,传媒,002558,巨人网络
801760,传媒,002591,恒大高新
801760,传媒,002602,世纪华通
801760,传媒,002607,中公教育
801760,传媒,002619,艾格拉斯
801760,传媒,002621,美吉姆
801760,传媒,002624,完美世界
801760,传媒,002638,勤上股份
801760,传媒,002654,万润科技
801760,传媒,002659,凯文教育
801760,传媒,002699,美盛文化
801760,传媒,002712,思美传媒
801760,传媒,002739,万达电影
801760,传媒,002858,力盛赛车
801760,传媒,002878,元隆雅图
801760,传媒,002905,金逸影视
801760,传媒,300027,华谊兄弟
801760,传媒,300031,宝通科技
801760,传媒,300038,数知科技
801760,传媒,300043,星辉娱乐
801760,传媒,300051,三五互联
801760,传媒,300052,中青宝
801760,传媒,300058,蓝色光标
801760,传媒,300059,东方财富
801760,传媒,300061,旗天科技
801760,传媒,300063,天龙集团
801760,传媒,300071,华谊嘉信
801760,传媒,300089,文化长城
801760,传媒,300104,乐视退
801760,传媒,300113,顺网科技
801760,传媒,300133,华策影视
801760,传媒,300148,天舟文化
801760,传媒,300182,捷成股份
801760,传媒,300192,科斯伍德
801760,传媒,300226,上海钢联
801760,传媒,300242,佳云科技
801760,传媒,300251,光线传媒
801760,传媒,300269,联建光电
801760,传媒,300280,紫天科技
801760,传媒,300282,三盛教育
801760,传媒,300291,华录百纳
801760,传媒,300292,吴通控股
801760,传媒,300295,三六五网
801760,传媒,300299,富春股份
801760,传媒,300315,掌趣科技
801760,传媒,300336,新文化
801760,传媒,300338,开元股份
801760,传媒,300343,联创股份
801760,传媒,300359,全通教育
801760,传媒,300364,中文在线
801760,传媒,300392,腾信股份
801760,传媒,300413,芒果超媒
801760,传媒,300418,昆仑万维
801760,传媒,300426,唐德影视
801760,传媒,300431,暴风集团
801760,传媒,300459,金科文化
801760,传媒,300467,迅游科技
801760,传媒,300494,盛天网络
801760,传媒,300518,盛讯达
801760,传媒,300528,幸福蓝海
801760,传媒,300533,冰川网络
801760,传媒,300612,宣亚国际
801760,传媒,300654,世纪天鸿
801760,传媒,300770,新媒股份
801760,传媒,300781,因赛集团
801760,传媒,300785,值得买
801760,传媒,300788,中信出版
801760,传媒,300792,壹网壹创
801760,传媒,300805,电声股份
801760,传媒,600037,歌华有线
801760,传媒,600088,中视传媒
801760,传媒,600136,当代文体
801760,传媒,600158,中体产业
801760,传媒,600226,瀚叶股份
801760,传媒,600229,城市传媒
801760,传媒,600242,中昌数据
801760,传媒,600373,中文传媒
801760,传媒,600381,青海春天
801760,传媒,600386,北巴传媒
801760,传媒,600455,博通股份
801760,传媒,600551,时代出版
801760,传媒,600576,祥源文化
801760,传媒,600633,浙数文化
801760,传媒,600634,*ST富控
801760,传媒,600636,国新文化
801760,传媒,600637,东方明珠
801760,传媒,600640,号百控股
801760,传媒,600652,ST游久
801760,传媒,600661,昂立教育
801760,传媒,600715,文投控股
801760,传媒,600757,长江传媒
801760,传媒,600825,新华传媒
801760,传媒,600831,广电网络
801760,传媒,600880,博瑞传播
801760,传媒,600892,*ST大晟
801760,传媒,600936,广西广电
801760,传媒,600959,江苏有线
801760,传媒,600977,中国电影
801760,传媒,600986,科达股份
801760,传媒,600996,贵广网络
801760,传媒,601019,山东出版
801760,传媒,601098,中南传媒
801760,传媒,601595,上海电影
801760,传媒,601599,鹿港文化
801760,传媒,601801,皖新传媒
801760,传媒,601811,新华文轩
801760,传媒,601858,中国科传
801760,传媒,601900,南方传媒
801760,传媒,601928,凤凰传媒
801760,传媒,601929,吉视传媒
801760,传媒,601949,中国出版
801760,传媒,601999,出版传媒
801760,传媒,603000,人民网
801760,传媒,603096,新经典
801760,传媒,603103,横店影视
801760,传媒,603258,电魂网络
801760,传媒,603444,吉比特
801760,传媒,603533,掌阅科技
801760,传媒,603598,引力传媒
801760,传媒,603613,国联股份
801760,传媒,603721,中广天择
801760,传媒,603729,龙韵股份
801760,传媒,603825,华扬联众
801760,传媒,603888,新华网
801760,传媒,603999,读者传媒
801760,传媒,605168,三人行
801730,电气设备,000400,许继电气
801730,电气设备,000533,顺钠股份
801730,电气设备,000585,*ST东电
801730,电气设备,000682,东方电子
801730,电气设备,000803,*ST金宇
801730,电气设备,000806,*ST银河
801730,电气设备,000922,佳电股份
801730,电气设备,002028,思源电气
801730,电气设备,002058,威尔泰
801730,电气设备,002074,国轩高科
801730,电气设备,002090,金智科技
801730,电气设备,002112,三变科技
801730,电气设备,002121,*ST科陆
801730,电气设备,002129,中环股份
801730,电气设备,002169,智光电气
801730,电气设备,002176,*ST江特
801730,电气设备,002184,海得控制
801730,电气设备,002196,方正电机
801730,电气设备,002202,金风科技
801730,电气设备,002218,拓日新能
801730,电气设备,002227,奥特迅
801730,电气设备,002249,大洋电机
801730,电气设备,002255,*ST海陆
801730,电气设备,002266,浙富控股
801730,电气设备,002270,华明装备
801730,电气设备,002276,万马股份
801730,电气设备,002300,太阳电缆
801730,电气设备,002309,中利集团
801730,电气设备,002322,理工环科
801730,电气设备,002334,英威腾
801730,电气设备,002335,科华恒盛
801730,电气设备,002339,积成电子
801730,电气设备,002346,柘中股份
801730,电气设备,002350,北京科锐
801730,电气设备,002358,森源电气
801730,电气设备,002364,中恒电气
801730,电气设备,002441,众业达
801730,电气设备,002451,摩恩电气
801730,电气设备,002452,长高集团
801730,电气设备,002471,中超控股
801730,电气设备,002498,汉缆股份
801730,电气设备,002506,协鑫集成
801730,电气设备,002518,科士达
801730,电气设备,002527,新时达
801730,电气设备,002531,天顺风能
801730,电气设备,002533,金杯电工
801730,电气设备,002534,杭锅股份
801730,电气设备,002546,新联电子
801730,电气设备,002560,通达股份
801730,电气设备,002576,通达动力
801730,电气设备,002580,圣阳股份
801730,电气设备,002606,大连电瓷
801730,电气设备,002617,露笑科技
801730,电气设备,002622,融钰集团
801730,电气设备,002630,华西能源
801730,电气设备,002665,首航高科
801730,电气设备,002692,ST远程
801730,电气设备,002706,良信电器
801730,电气设备,002733,雄韬股份
801730,电气设备,002767,先锋电子
801730,电气设备,002801,微光股份
801730,电气设备,002823,凯中精密
801730,电气设备,002851,麦格米特
801730,电气设备,002879,长缆科技
801730,电气设备,002882,金龙羽
801730,电气设备,002892,科力尔
801730,电气设备,002927,泰永长征
801730,电气设备,002953,日丰股份
801730,电气设备,002979,雷赛智能
801730,电气设备,300001,特锐德
801730,电气设备,300011,鼎汉技术
801730,电气设备,300018,中元股份
801730,电气设备,300029,天龙光电
801730,电气设备,300040,九洲电气
801730,电气设备,300048,合康新能
801730,电气设备,300062,中能电气
801730,电气设备,300068,南都电源
801730,电气设备,300069,金利华电
801730,电气设备,300105,龙源技术
801730,电气设备,300111,向日葵
801730,电气设备,300116,坚瑞沃能
801730,电气设备,300118,东方日升
801730,电气设备,300124,汇川技术
801730,电气设备,300129,泰胜风能
801730,电气设备,300141,和顺电气
801730,电气设备,300153,科泰电源
801730,电气设备,300185,通裕重工
801730,电气设备,300208,青岛中程
801730,电气设备,300215,电科院
801730,电气设备,300265,通光线缆
801730,电气设备,300274,阳光电源
801730,电气设备,300283,温州宏丰
801730,电气设备,300286,安科瑞
801730,电气设备,300316,晶盛机电
801730,电气设备,300317,珈伟新能
801730,电气设备,300356,光一科技
801730,电气设备,300360,炬华科技
801730,电气设备,300376,易事特
801730,电气设备,300393,中来股份
801730,电气设备,300407,凯发电气
801730,电气设备,300423,鲁亿通
801730,电气设备,300427,红相股份
801730,电气设备,300443,金雷股份
801730,电气设备,300444,双杰电气
801730,电气设备,300447,全信股份
801730,电气设备,300466,赛摩智能
801730,电气设备,300477,合纵科技
801730,电气设备,300484,蓝海华腾
801730,电气设备,300490,华自科技
801730,电气设备,300491,通合科技
801730,电气设备,300510,金冠股份
801730,电气设备,300514,友讯达
801730,电气设备,300569,天能重工
801730,电气设备,300593,新雷能
801730,电气设备,300617,安靠智电
801730,电气设备,300626,华瑞股份
801730,电气设备,300660,江苏雷利
801730,电气设备,300670,大烨智能
801730,电气设备,300693,盛弘股份
801730,电气设备,300713,英可瑞
801730,电气设备,300745,欣锐科技
801730,电气设备,300750,宁德时代
801730,电气设备,300763,锦浪科技
801730,电气设备,300772,运达股份
801730,电气设备,300820,英杰电气
801730,电气设备,300827,上能电气
801730,电气设备,600089,特变电工
801730,电气设备,600112,ST天成
801730,电气设备,600151,航天机电
801730,电气设备,600192,长城电工
801730,电气设备,600202,哈空调
801730,电气设备,600207,安彩高科
801730,电气设备,600241,*ST时万
801730,电气设备,600268,国电南自
801730,电气设备,600290,*ST华仪
801730,电气设备,600312,平高电气
801730,电气设备,600349,富通昭和(I
801730,电气设备,600379,宝光股份
801730,电气设备,600405,动力源
801730,电气设备,600406,国电南瑞
801730,电气设备,600416,*ST湘电
801730,电气设备,600438,通威股份
801730,电气设备,600468,百利电气
801730,电气设备,600475,华光股份
801730,电气设备,600517,国网英大
801730,电气设备,600525,长园集团
801730,电气设备,600537,亿晶光电
801730,电气设备,600550,保变电气
801730,电气设备,600577,精达股份
801730,电气设备,600580,卧龙电驱
801730,电气设备,600590,泰豪科技
801730,电气设备,600847,万里股份
801730,电气设备,600869,智慧能源
801730,电气设备,600875,东方电气
801730,电气设备,600885,宏发股份
801730,电气设备,600973,宝胜股份
801730,电气设备,601012,隆基股份
801730,电气设备,601126,四方股份
801730,电气设备,601179,中国西电
801730,电气设备,601218,吉鑫科技
801730,电气设备,601222,林洋能源
801730,电气设备,601558,退市锐电
801730,电气设备,601567,三星医疗
801730,电气设备,601615,明阳智能
801730,电气设备,601616,广电电气
801730,电气设备,601700,风范股份
801730,电气设备,601727,上海电气
801730,电气设备,601877,正泰电器
801730,电气设备,601908,京运通
801730,电气设备,603015,弘讯科技
801730,电气设备,603016,新宏泰
801730,电气设备,603025,大豪科技
801730,电气设备,603050,科林电气
801730,电气设备,603063,禾望电气
801730,电气设备,603100,川仪股份
801730,电气设备,603105,芯能科技
801730,电气设备,603212,赛伍技术
801730,电气设备,603218,日月股份
801730,电气设备,603320,迪贝电气
801730,电气设备,603333,尚纬股份
801730,电气设备,603396,金辰股份
801730,电气设备,603416,信捷电气
801730,电气设备,603489,八方股份
801730,电气设备,603507,振江股份
801730,电气设备,603530,神马电力
801730,电气设备,603577,汇金通
801730,电气设备,603583,捷昌驱动
801730,电气设备,603606,东方电缆
801730,电气设备,603618,杭电股份
801730,电气设备,603628,清源股份
801730,电气设备,603728,鸣志电器
801730,电气设备,603806,福斯特
801730,电气设备,603819,神力股份
801730,电气设备,603829,洛凯股份
801730,电气设备,603859,能科股份
801730,电气设备,603861,白云电器
801730,电气设备,603897,长城科技
801730,电气设备,603988,中电电机
801730,电气设备,605288,凯迪股份
801730,电气设备,688516,奥特维
801730,电气设备,688599,天合光能
801080,电子,000020,深华发A
801080,电子,000021,深科技
801080,电子,000045,深纺织A
801080,电子,000049,德赛电池
801080,电子,000050,深天马A
801080,电子,000062,深圳华强
801080,电子,000100,TCL科技
801080,电子,000413,东旭光电
801080,电子,000532,华金资本
801080,电子,000536,*ST华映
801080,电子,000541,佛山照明
801080,电子,000636,风华高科
801080,电子,000701,厦门信达
801080,电子,000725,京东方A
801080,电子,000727,*ST东科
801080,电子,000733,振华科技
801080,电子,000823,超声电子
801080,电子,000988,华工科技
801080,电子,000991,通海高科(I
801080,电子,002005,*ST德豪
801080,电子,002008,大族激光
801080,电子,002036,联创电子
801080,电子,002045,国光电器
801080,电子,002049,紫光国微
801080,电子,002055,得润电子
801080,电子,002076,*ST雪莱
801080,电子,002077,*ST大港
801080,电子,002079,苏州固锝
801080,电子,002106,莱宝高科
801080,电子,002119,康强电子
801080,电子,002134,天津普林
801080,电子,002138,顺络电子
801080,电子,002139,拓邦股份
801080,电子,002141,贤丰控股
801080,电子,002156,通富微电
801080,电子,002161,远望谷
801080,电子,002185,华天科技
801080,电子,002189,中光学
801080,电子,002199,东晶电子
801080,电子,002214,大立科技
801080,电子,002217,合力泰
801080,电子,002222,福晶科技
801080,电子,002236,大华股份
801080,电子,002241,歌尔股份
801080,电子,002257,立立电子(I
801080,电子,002273,水晶光电
801080,电子,002288,超华科技
801080,电子,002289,ST宇顺
801080,电子,002351,漫步者
801080,电子,002369,卓翼科技
801080,电子,002371,北方华创
801080,电子,002384,东山精密
801080,电子,002387,维信诺
801080,电子,002388,新亚制程
801080,电子,002402,和而泰
801080,电子,002409,雅克科技
801080,电子,002414,高德红外
801080,电子,002415,海康威视
801080,电子,002436,兴森科技
801080,电子,002449,国星光电
801080,电子,002456,欧菲光
801080,电子,002463,沪电股份
801080,电子,002475,立讯精密
801080,电子,002484,江海股份
801080,电子,002547,春兴精工
801080,电子,002579,中京电子
801080,电子,002587,奥拓电子
801080,电子,002600,领益智造
801080,电子,002618,丹邦科技
801080,电子,002635,安洁科技
801080,电子,002636,金安国纪
801080,电子,002655,共达电声
801080,电子,002660,茂硕电源
801080,电子,002681,*ST奋达
801080,电子,002724,海洋王
801080,电子,002729,好利来
801080,电子,002745,木林森
801080,电子,002782,可立克
801080,电子,002808,恒久科技
801080,电子,002815,崇达技术
801080,电子,002841,视源股份
801080,电子,002845,同兴达
801080,电子,002850,科达利
801080,电子,002855,捷荣技术
801080,电子,002859,洁美科技
801080,电子,002861,瀛通通讯
801080,电子,002866,传艺科技
801080,电子,002869,金溢科技
801080,电子,002876,三利谱
801080,电子,002881,美格智能
801080,电子,002885,京泉华
801080,电子,002888,惠威科技
801080,电子,002913,奥士康
801080,电子,002916,深南电路
801080,电子,002922,伊戈尔
801080,电子,002925,盈趣科技
801080,电子,002937,兴瑞科技
801080,电子,002938,鹏鼎控股
801080,电子,002947,恒铭达
801080,电子,002952,亚世光电
801080,电子,002955,鸿合科技
801080,电子,002962,五方光电
801080,电子,002970,锐明技术
801080,电子,002976,瑞玛工业
801080,电子,002981,朝阳科技
801080,电子,002983,芯瑞达
801080,电子,300014,亿纬锂能
801080,电子,300032,金龙机电
801080,电子,300046,台基股份
801080,电子,300053,欧比特
801080,电子,300060,苏州恒久(I
801080,电子,300076,GQY视讯
801080,电子,300077,国民技术
801080,电子,300078,思创医惠
801080,电子,300083,劲胜智能
801080,电子,300088,长信科技
801080,电子,300102,乾照光电
801080,电子,300115,长盈精密
801080,电子,300120,经纬辉开
801080,电子,300128,锦富技术
801080,电子,300131,英唐智控
801080,电子,300136,信维通信
801080,电子,300139,晓程科技
801080,电子,300162,雷曼光电
801080,电子,300184,力源信息
801080,电子,300207,欣旺达
801080,电子,300219,鸿利智汇
801080,电子,300220,金运激光
801080,电子,300223,北京君正
801080,电子,300227,光韵达
801080,电子,300232,洲明科技
801080,电子,300241,瑞丰光电
801080,电子,300256,星星科技
801080,电子,300279,和晶科技
801080,电子,300296,利亚德
801080,电子,300301,长方集团
801080,电子,300303,聚飞光电
801080,电子,300319,麦捷科技
801080,电子,300322,硕贝德
801080,电子,300323,华灿光电
801080,电子,300327,中颖电子
801080,电子,300331,苏大维格
801080,电子,300340,科恒股份
801080,电子,300346,南大光电
801080,电子,300373,扬杰科技
801080,电子,300389,艾比森
801080,电子,300390,天华超净
801080,电子,300408,三环集团
801080,电子,300433,蓝思科技
801080,电子,300438,鹏辉能源
801080,电子,300458,全志科技
801080,电子,300460,惠伦晶体
801080,电子,300476,胜宏科技
801080,电子,300493,润欣科技
801080,电子,300516,久之洋
801080,电子,300543,朗科智能
801080,电子,300545,联得装备
801080,电子,300566,激智科技
801080,电子,300582,英飞特
801080,电子,300602,飞荣达
801080,电子,300613,富瀚微
801080,电子,300623,捷捷微电
801080,电子,300625,三雄极光
801080,电子,300632,光莆股份
801080,电子,300647,超频三
801080,电子,300650,太龙照明
801080,电子,300656,民德电子
801080,电子,300657,弘信电子
801080,电子,300661,圣邦股份
801080,电子,300666,江丰电子
801080,电子,300671,富满电子
801080,电子,300672,国科微
801080,电子,300679,电连技术
801080,电子,300686,智动力
801080,电子,300691,联合光电
801080,电子,300701,森霸传感
801080,电子,300706,阿石创
801080,电子,300708,聚灿光电
801080,电子,300709,精研科技
801080,电子,300726,宏达电子
801080,电子,300735,光弘科技
801080,电子,300736,百邦科技
801080,电子,300739,明阳电路
801080,电子,300747,锐科激光
801080,电子,300752,隆利科技
801080,电子,300782,卓胜微
801080,电子,300787,海能实业
801080,电子,300790,宇瞳光学
801080,电子,300793,佳禾智能
801080,电子,300808,久量股份
801080,电子,300822,贝仕达克
801080,电子,300831,派瑞股份
801080,电子,300842,帝科股份
801080,电子,600071,凤凰光学
801080,电子,600110,诺德股份
801080,电子,600152,维科技术
801080,电子,600171,上海贝岭
801080,电子,600183,生益科技
801080,电子,600198,大唐电信
801080,电子,600203,福日电子
801080,电子,600237,铜峰电子
801080,电子,600261,阳光照明
801080,电子,600288,大恒科技
801080,电子,600353,旭光股份
801080,电子,600360,华微电子
801080,电子,600363,联创光电
801080,电子,600460,士兰微
801080,电子,600478,科力远
801080,电子,600552,凯盛科技
801080,电子,600563,法拉电子
801080,电子,600584,长电科技
801080,电子,600601,方正科技
801080,电子,600651,*ST飞乐
801080,电子,600666,ST瑞德
801080,电子,600667,太极实业
801080,电子,600703,三安光电
801080,电子,600707,彩虹股份
801080,电子,600745,闻泰科技
801080,电子,600751,海航科技
801080,电子,600884,杉杉股份
801080,电子,601138,工业富联
801080,电子,601231,环旭电子
801080,电子,603005,晶方科技
801080,电子,603068,博通集成
801080,电子,603160,汇顶科技
801080,电子,603186,华正新材
801080,电子,603228,景旺电子
801080,电子,603267,鸿远电子
801080,电子,603290,斯达半导
801080,电子,603297,永新光学
801080,电子,603303,得邦照明
801080,电子,603327,福蓉科技
801080,电子,603328,依顿电子
801080,电子,603380,易德龙
801080,电子,603386,广东骏亚
801080,电子,603501,韦尔股份
801080,电子,603515,欧普照明
801080,电子,603595,东尼电子
801080,电子,603629,利通电子
801080,电子,603633,徕木股份
801080,电子,603659,璞泰来
801080,电子,603678,火炬电子
801080,电子,603679,华体科技
801080,电子,603685,晨丰科技
801080,电子,603738,泰晶科技
801080,电子,603773,沃格光电
801080,电子,603890,春秋电子
801080,电子,603893,瑞芯微
801080,电子,603920,世运电路
801080,电子,603933,睿能科技
801080,电子,603936,博敏电子
801080,电子,603986,兆易创新
801080,电子,603989,艾华集团
801080,电子,688002,睿创微纳
801080,电子,688007,光峰科技
801080,电子,688008,澜起科技
801080,电子,688010,福光股份
801080,电子,688018,乐鑫科技
801080,电子,688019,安集科技
801080,电子,688020,方邦股份
801080,电子,688025,杰普特
801080,电子,688036,传音控股
801080,电子,688099,晶晨股份
801080,电子,688123,聚辰股份
801080,电子,688126,沪硅产业-U
801080,电子,688138,清溢光电
801080,电子,688181,八亿时空
801080,电子,688233,神工股份
801080,电子,688299,长阳科技
801080,电子,688368,晶丰明源
801080,电子,688396,华润微
801180,房地产,000002,万科A
801180,房地产,000006,深振业A
801180,房地产,000011,深物业A
801180,房地产,000014,沙河股份
801180,房地产,000029,深深房A
801180,房地产,000031,大悦城
801180,房地产,000036,华联控股
801180,房地产,000042,中洲控股
801180,房地产,000043,招商积余
801180,房地产,000046,泛海控股
801180,房地产,000056,皇庭国际
801180,房地产,000069,华侨城A
801180,房地产,000090,天健集团
801180,房地产,000402,金融街
801180,房地产,000502,绿景控股
801180,房地产,000506,中润资源
801180,房地产,000514,渝开发
801180,房地产,000517,荣安地产
801180,房地产,000534,万泽股份
801180,房地产,000537,广宇发展
801180,房地产,000540,中天金融
801180,房地产,000558,莱茵体育
801180,房地产,000560,我爱我家
801180,房地产,000573,粤宏远A
801180,房地产,000608,阳光股份
801180,房地产,000609,中迪投资
801180,房地产,000615,京汉股份
801180,房地产,000616,海航投资
801180,房地产,000620,新华联
801180,房地产,000631,顺发恒业
801180,房地产,000656,金科股份
801180,房地产,000667,美好置业
801180,房地产,000668,荣丰控股
801180,房地产,000671,阳光城
801180,房地产,000679,*ST友谊
801180,房地产,000691,亚太实业
801180,房地产,000718,苏宁环球
801180,房地产,000732,泰禾集团
801180,房地产,000736,中交地产
801180,房地产,000797,中国武夷
801180,房地产,000809,铁岭新城
801180,房地产,000838,财信发展
801180,房地产,000863,三湘印象
801180,房地产,000897,津滨发展
801180,房地产,000909,数源科技
801180,房地产,000918,嘉凯城
801180,房地产,000926,福星股份
801180,房地产,000961,中南建设
801180,房地产,000965,天保基建
801180,房地产,000979,中弘退
801180,房地产,000981,ST银亿
801180,房地产,001914,招商积余
801180,房地产,001979,招商蛇口
801180,房地产,002016,世荣兆业
801180,房地产,002133,广宇集团
801180,房地产,002146,荣盛发展
801180,房地产,002147,*ST新光
801180,房地产,002208,合肥城建
801180,房地产,002244,滨江集团
801180,房地产,002285,世联行
801180,房地产,002305,南国置业
801180,房地产,002314,南山控股
801180,房地产,002377,国创高新
801180,房地产,002968,新大正
801180,房地产,600007,中国国贸
801180,房地产,600048,保利地产
801180,房地产,600052,浙江广厦
801180,房地产,600064,南京高科
801180,房地产,600067,冠城大通
801180,房地产,600077,宋都股份
801180,房地产,600082,海泰发展
801180,房地产,600094,大名城
801180,房地产,600095,哈高科
801180,房地产,600159,大龙地产
801180,房地产,600162,香江控股
801180,房地产,600173,卧龙地产
801180,房地产,600177,雅戈尔
801180,房地产,600185,格力地产
801180,房地产,600208,新湖中宝
801180,房地产,600215,*ST经开
801180,房地产,600223,鲁商发展
801180,房地产,600225,*ST松江
801180,房地产,600239,云南城投
801180,房地产,600246,万通地产
801180,房地产,600266,城建发展
801180,房地产,600322,天房发展
801180,房地产,600325,华发股份
801180,房地产,600340,华夏幸福
801180,房地产,600376,首开股份
801180,房地产,600383,金地集团
801180,房地产,600393,粤泰股份
801180,房地产,600463,空港股份
801180,房地产,600466,蓝光发展
801180,房地产,600503,华丽家族
801180,房地产,600510,黑牡丹
801180,房地产,600515,海航基础
801180,房地产,600533,栖霞建设
801180,房地产,600565,迪马股份
801180,房地产,600568,*ST中珠
801180,房地产,600604,市北高新
801180,房地产,600606,绿地控股
801180,房地产,600622,光大嘉宝
801180,房地产,600638,新黄浦
801180,房地产,600639,浦东金桥
801180,房地产,600641,万业企业
801180,房地产,600647,同达创业
801180,房地产,600648,外高桥
801180,房地产,600649,城投控股
801180,房地产,600657,信达地产
801180,房地产,600658,电子城
801180,房地产,600663,陆家嘴
801180,房地产,600665,天地源
801180,房地产,600675,中华企业
801180,房地产,600683,京投发展
801180,房地产,600684,珠江实业
801180,房地产,600692,亚通股份
801180,房地产,600708,光明地产
801180,房地产,600716,凤凰股份
801180,房地产,600724,宁波富达
801180,房地产,600732,爱旭股份
801180,房地产,600736,苏州高新
801180,房地产,600743,华远地产
801180,房地产,600748,上实发展
801180,房地产,600773,西藏城投
801180,房地产,600791,京能置业
801180,房地产,600807,ST天业
801180,房地产,600823,世茂股份
801180,房地产,600848,上海临港
801180,房地产,600890,中房股份
801180,房地产,600895,张江高科
801180,房地产,601155,新城控股
801180,房地产,601512,中新集团
801180,房地产,601588,北辰实业
801180,房地产,603506,南都物业
801130,纺织服装,000611,*ST天首
801130,纺织服装,000726,鲁泰A
801130,纺织服装,000850,华茂股份
801130,纺织服装,000955,欣龙控股
801130,纺织服装,000982,*ST中绒
801130,纺织服装,002003,伟星股份
801130,纺织服装,002029,七匹狼
801130,纺织服装,002042,华孚时尚
801130,纺织服装,002083,孚日股份
801130,纺织服装,002087,新野纺织
801130,纺织服装,002098,浔兴股份
801130,纺织服装,002144,宏达高科
801130,纺织服装,002154,报喜鸟
801130,纺织服装,002193,如意集团
801130,纺织服装,002269,美邦服饰
801130,纺织服装,002291,星期六
801130,纺织服装,002293,罗莱生活
801130,纺织服装,002327,富安娜
801130,纺织服装,002394,联发股份
801130,纺织服装,002397,梦洁股份
801130,纺织服装,002404,嘉欣丝绸
801130,纺织服装,002485,希努尔
801130,纺织服装,002486,嘉麟杰
801130,纺织服装,002494,华斯股份
801130,纺织服装,002503,搜于特
801130,纺织服装,002563,森马服饰
801130,纺织服装,002569,ST步森
801130,纺织服装,002612,朗姿股份
801130,纺织服装,002634,棒杰股份
801130,纺织服装,002656,ST摩登
801130,纺织服装,002674,兴业科技
801130,纺织服装,002687,乔治白
801130,纺织服装,002720,宏良股份(I
801130,纺织服装,002761,多喜爱
801130,纺织服装,002762,金发拉比
801130,纺织服装,002763,汇洁股份
801130,纺织服装,002776,柏堡龙
801130,纺织服装,002780,三夫户外
801130,纺织服装,002832,比音勒芬
801130,纺织服装,002875,安奈儿
801130,纺织服装,300005,探路者
801130,纺织服装,300526,中潜股份
801130,纺织服装,300577,开润股份
801130,纺织服装,300591,万里马
801130,纺织服装,300658,延江股份
801130,纺织服装,300819,聚杰微纤
801130,纺织服装,300840,酷特智能
801130,纺织服装,600107,美尔雅
801130,纺织服装,600137,浪莎股份
801130,纺织服装,600146,商赢环球
801130,纺织服装,600156,华升股份
801130,纺织服装,600220,江苏阳光
801130,纺织服装,600232,金鹰股份
801130,纺织服装,600370,三房巷
801130,纺织服装,600398,海澜之家
801130,纺织服装,600400,红豆股份
801130,纺织服装,600448,华纺股份
801130,纺织服装,600493,凤竹纺织
801130,纺织服装,600630,龙头股份
801130,纺织服装,600689,上海三毛
801130,纺织服装,600824,益民集团
801130,纺织服装,600987,航民股份
801130,纺织服装,601339,百隆东方
801130,纺织服装,601566,九牧王
801130,纺织服装,601718,际华集团
801130,纺织服装,603001,奥康国际
801130,纺织服装,603055,台华新材
801130,纺织服装,603116,红蜻蜓
801130,纺织服装,603157,拉夏贝尔
801130,纺织服装,603196,日播时尚
801130,纺织服装,603238,诺邦股份
801130,纺织服装,603365,水星家纺
801130,纺织服装,603477,振静股份
801130,纺织服装,603518,锦泓集团
801130,纺织服装,603555,*ST贵人
801130,纺织服装,603557,起步股份
801130,纺织服装,603558,健盛集团
801130,纺织服装,603587,地素时尚
801130,纺织服装,603608,天创时尚
801130,纺织服装,603665,康隆达
801130,纺织服装,603808,歌力思
801130,纺织服装,603839,安正时尚
801130,纺织服装,603877,太平鸟
801130,纺织服装,603889,新澳股份
801130,纺织服装,603908,牧高笛
801130,纺织服装,603958,哈森股份
801790,非银金融,000166,申万宏源
801790,非银金融,000415,渤海租赁
801790,非银金融,000416,民生控股
801790,非银金融,000563,陕国投A
801790,非银金融,000567,海德股份
801790,非银金融,000617,中油资本
801790,非银金融,000627,天茂集团
801790,非银金融,000666,经纬纺机
801790,非银金融,000686,东北证券
801790,非银金融,000712,锦龙股份
801790,非银金融,000728,国元证券
801790,非银金融,000750,国海证券
801790,非银金融,000776,广发证券
801790,非银金融,000783,长江证券
801790,非银金融,000890,*ST胜尔
801790,非银金融,000987,越秀金控
801790,非银金融,002423,中粮资本
801790,非银金融,002500,山西证券
801790,非银金融,002647,仁东控股
801790,非银金融,002670,国盛金控
801790,非银金融,002673,西部证券
801790,非银金融,002736,国信证券
801790,非银金融,002797,第一创业
801790,非银金融,002926,华西证券
801790,非银金融,002939,长城证券
801790,非银金融,002945,华林证券
801790,非银金融,002961,瑞达期货
801790,非银金融,300023,宝德股份
801790,非银金融,300176,派生科技
801790,非银金融,300309,吉艾科技
801790,非银金融,600030,中信证券
801790,非银金融,600053,九鼎投资
801790,非银金融,600061,国投资本
801790,非银金融,600093,易见股份
801790,非银金融,600109,国金证券
801790,非银金融,600120,浙江东方
801790,非银金融,600155,华创阳安
801790,非银金融,600291,西水股份
801790,非银金融,600318,新力金融
801790,非银金融,600369,西南证券
801790,非银金融,600390,五矿资本
801790,非银金融,600599,*ST熊猫
801790,非银金融,600621,华鑫股份
801790,非银金融,600643,爱建集团
801790,非银金融,600695,绿庭投资
801790,非银金融,600696,ST岩石
801790,非银金融,600705,中航资本
801790,非银金融,600783,鲁信创投
801790,非银金融,600816,*ST安信
801790,非银金融,600830,香溢融通
801790,非银金融,600837,海通证券
801790,非银金融,600864,哈投股份
801790,非银金融,600901,江苏租赁
801790,非银金融,600909,华安证券
801790,非银金融,600918,中泰证券
801790,非银金融,600958,东方证券
801790,非银金融,600999,招商证券
801790,非银金融,601066,中信建投
801790,非银金融,601099,太平洋
801790,非银金融,601108,财通证券
801790,非银金融,601162,天风证券
801790,非银金融,601198,东兴证券
801790,非银金融,601211,国泰君安
801790,非银金融,601236,红塔证券
801790,非银金融,601318,中国平安
801790,非银金融,601319,中国人保
801790,非银金融,601336,新华保险
801790,非银金融,601375,中原证券
801790,非银金融,601377,兴业证券
801790,非银金融,601555,东吴证券
801790,非银金融,601601,中国太保
801790,非银金融,601628,中国人寿
801790,非银金融,601688,华泰证券
801790,非银金融,601696,中银证券
801790,非银金融,601788,光大证券
801790,非银金融,601878,浙商证券
801790,非银金融,601881,中国银河
801790,非银金融,601901,方正证券
801790,非银金融,601990,南京证券
801790,非银金融,603093,南华期货
801790,非银金融,603300,华铁应急
801040,钢铁,000708,中信特钢
801040,钢铁,000709,河钢股份
801040,钢铁,000717,韶钢松山
801040,钢铁,000761,本钢板材
801040,钢铁,000778,新兴铸管
801040,钢铁,000825,太钢不锈
801040,钢铁,000898,鞍钢股份
801040,钢铁,000932,华菱钢铁
801040,钢铁,000959,首钢股份
801040,钢铁,002075,沙钢股份
801040,钢铁,002110,三钢闽光
801040,钢铁,002318,久立特材
801040,钢铁,002443,金洲管道
801040,钢铁,002478,常宝股份
801040,钢铁,002756,永兴材料
801040,钢铁,600010,包钢股份
801040,钢铁,600019,宝钢股份
801040,钢铁,600022,山东钢铁
801040,钢铁,600117,西宁特钢
801040,钢铁,600126,杭钢股份
801040,钢铁,600231,凌钢股份
801040,钢铁,600282,南钢股份
801040,钢铁,600307,酒钢宏兴
801040,钢铁,600399,ST抚钢
801040,钢铁,600507,方大特钢
801040,钢铁,600569,安阳钢铁
801040,钢铁,600581,八一钢铁
801040,钢铁,600782,新钢股份
801040,钢铁,600808,马钢股份
801040,钢铁,601003,柳钢股份
801040,钢铁,601005,重庆钢铁
801040,钢铁,603878,武进不锈
801040,钢铁,603995,甬金股份
801040,钢铁,688186,广大特材
801160,公用事业,000005,世纪星源
801160,公用事业,000027,深圳能源
801160,公用事业,000035,中国天楹
801160,公用事业,000037,深南电A
801160,公用事业,000040,东旭蓝天
801160,公用事业,000068,华控赛格
801160,公用事业,000155,川能动力
801160,公用事业,000407,胜利股份
801160,公用事业,000421,南京公用
801160,公用事业,000531,穗恒运A
801160,公用事业,000539,粤电力A
801160,公用事业,000543,皖能电力
801160,公用事业,000544,中原环保
801160,公用事业,000591,太阳能
801160,公用事业,000593,大通燃气
801160,公用事业,000598,兴蓉环境
801160,公用事业,000600,建投能源
801160,公用事业,000601,韶能股份
801160,公用事业,000605,渤海股份
801160,公用事业,000669,*ST金鸿
801160,公用事业,000685,中山公用
801160,公用事业,000690,宝新能源
801160,公用事业,000692,惠天热电
801160,公用事业,000711,京蓝科技
801160,公用事业,000720,新能泰山
801160,公用事业,000722,湖南发展
801160,公用事业,000767,漳泽电力
801160,公用事业,000791,甘肃电投
801160,公用事业,000820,*ST节能
801160,公用事业,000826,启迪环境
801160,公用事业,000862,银星能源
801160,公用事业,000875,吉电股份
801160,公用事业,000883,湖北能源
801160,公用事业,000899,赣能股份
801160,公用事业,000920,南方汇通
801160,公用事业,000958,东方能源
801160,公用事业,000966,长源电力
801160,公用事业,000967,盈峰环境
801160,公用事业,000993,闽东电力
801160,公用事业,001896,豫能控股
801160,公用事业,002034,旺能环境
801160,公用事业,002039,黔源电力
801160,公用事业,002205,国统股份
801160,公用事业,002256,*ST兆新
801160,公用事业,002259,*ST升达
801160,公用事业,002267,陕天然气
801160,公用事业,002479,富春环保
801160,公用事业,002499,*ST科林
801160,公用事业,002573,清新环境
801160,公用事业,002608,江苏国信
801160,公用事业,002610,爱康科技
801160,公用事业,002616,长青集团
801160,公用事业,002658,雪迪龙
801160,公用事业,002672,东江环保
801160,公用事业,002700,ST浩源
801160,公用事业,002887,绿茵生态
801160,公用事业,002893,华通热力
801160,公用事业,002911,佛燃能源
801160,公用事业,002973,侨银环保
801160,公用事业,003816,中国广核
801160,公用事业,300055,万邦达
801160,公用事业,300056,中创环保
801160,公用事业,300070,碧水源
801160,公用事业,300090,盛运环保
801160,公用事业,300125,聆达股份
801160,公用事业,300137,先河环保
801160,公用事业,300140,中环装备
801160,公用事业,300152,科融环境
801160,公用事业,300156,神雾环保
801160,公用事业,300172,中电环保
801160,公用事业,300187,永清环保
801160,公用事业,300190,维尔利
801160,公用事业,300203,聚光科技
801160,公用事业,300262,巴安水务
801160,公用事业,300263,隆华科技
801160,公用事业,300266,兴源环境
801160,公用事业,300332,天壕环境
801160,公用事业,300334,津膜科技
801160,公用事业,300335,迪森股份
801160,公用事业,300388,国祯环保
801160,公用事业,300422,博世科
801160,公用事业,300425,中建环能
801160,公用事业,300435,中泰股份
801160,公用事业,300631,久吾高科
801160,公用事业,300664,鹏鹞环保
801160,公用事业,300692,中环环保
801160,公用事业,300779,惠城环保
801160,公用事业,300815,玉禾田
801160,公用事业,600008,首创股份
801160,公用事业,600011,华能国际
801160,公用事业,600021,上海电力
801160,公用事业,600023,浙能电力
801160,公用事业,600025,华能水电
801160,公用事业,600027,华电国际
801160,公用事业,600098,广州发展
801160,公用事业,600101,明星电力
801160,公用事业,600116,三峡水利
801160,公用事业,600131,国网信通
801160,公用事业,600163,中闽能源
801160,公用事业,600167,联美控股
801160,公用事业,600168,武汉控股
801160,公用事业,600187,国中水务
801160,公用事业,600217,中再资环
801160,公用事业,600236,桂冠电力
801160,公用事业,600283,钱江水利
801160,公用事业,600292,远达环保
801160,公用事业,600310,桂东电力
801160,公用事业,600323,瀚蓝环境
801160,公用事业,600333,长春燃气
801160,公用事业,600396,金山股份
801160,公用事业,600452,涪陵电力
801160,公用事业,600461,洪城水业
801160,公用事业,600483,福能股份
801160,公用事业,600505,西昌电力
801160,公用事业,600509,天富能源
801160,公用事业,600578,京能电力
801160,公用事业,600617,国新能源
801160,公用事业,600635,大众公用
801160,公用事业,600642,申能股份
801160,公用事业,600644,乐山电力
801160,公用事业,600674,川投能源
801160,公用事业,600681,百川能源
801160,公用事业,600719,大连热电
801160,公用事业,600726,华电能源
801160,公用事业,600744,华银电力
801160,公用事业,600780,通宝能源
801160,公用事业,600795,国电电力
801160,公用事业,600856,*ST中天
801160,公用事业,600863,内蒙华电
801160,公用事业,600868,梅雁吉祥
801160,公用事业,600874,创业环保
801160,公用事业,600886,国投电力
801160,公用事业,600900,长江电力
801160,公用事业,600903,贵州燃气
801160,公用事业,600917,重庆燃气
801160,公用事业,600956,新天绿能
801160,公用事业,600969,郴电国际
801160,公用事业,600979,广安爱众
801160,公用事业,600982,宁波热电
801160,公用事业,600995,文山电力
801160,公用事业,601016,节能风电
801160,公用事业,601139,深圳燃气
801160,公用事业,601158,重庆水务
801160,公用事业,601199,江南水务
801160,公用事业,601200,上海环境
801160,公用事业,601330,绿色动力
801160,公用事业,601368,绿城水务
801160,公用事业,601619,嘉泽新能
801160,公用事业,601778,晶科科技
801160,公用事业,601827,三峰环境
801160,公用事业,601985,中国核电
801160,公用事业,601991,大唐发电
801160,公用事业,603053,成都燃气
801160,公用事业,603080,新疆火炬
801160,公用事业,603126,中材节能
801160,公用事业,603177,德创环保
801160,公用事业,603200,上海洗霸
801160,公用事业,603302,鑫广绿环
801160,公用事业,603393,新天然气
801160,公用事业,603568,伟明环保
801160,公用事业,603588,高能环境
801160,公用事业,603603,博天环境
801160,公用事业,603689,皖天然气
801160,公用事业,603693,江苏新能
801160,公用事业,603706,东方环宇
801160,公用事业,603797,联泰环保
801160,公用事业,603817,海峡环保
801160,公用事业,603903,中持股份
801160,公用事业,688096,京源环保
801160,公用事业,688101,三达膜
801160,公用事业,688178,万德斯
801160,公用事业,688466,金科环境
801740,国防军工,000519,中兵红箭
801740,国防军工,000547,航天发展
801740,国防军工,000561,烽火电子
801740,国防军工,000687,华讯方舟
801740,国防军工,000697,炼石航空
801740,国防军工,000738,航发控制
801740,国防军工,000768,中航飞机
801740,国防军工,002013,中航机电
801740,国防军工,002023,海特高新
801740,国防军工,002025,航天电器
801740,国防军工,002151,北斗星通
801740,国防军工,002179,中航光电
801740,国防军工,002190,成飞集成
801740,国防军工,002297,博云新材
801740,国防军工,002389,航天彩虹
801740,国防军工,002413,雷科防务
801740,国防军工,002465,海格通信
801740,国防军工,002664,长鹰信质
801740,国防军工,002829,星网宇达
801740,国防军工,002933,新兴装备
801740,国防军工,002935,天奥电子
801740,国防军工,002977,天箭科技
801740,国防军工,002985,北摩高科
801740,国防军工,300008,天海防务
801740,国防军工,300034,钢研高纳
801740,国防军工,300065,海兰信
801740,国防军工,300101,振芯科技
801740,国防军工,300123,亚光科技
801740,国防军工,300159,新研股份
801740,国防军工,300397,天和防务
801740,国防军工,300424,航新科技
801740,国防军工,300456,赛微电子
801740,国防军工,300474,景嘉微
801740,国防军工,300527,中船应急
801740,国防军工,300581,晨曦航空
801740,国防军工,300589,江龙船艇
801740,国防军工,300600,瑞特股份
801740,国防军工,300696,爱乐达
801740,国防军工,300719,安达维尔
801740,国防军工,300722,新余国科
801740,国防军工,300762,上海瀚讯
801740,国防军工,300775,三角防务
801740,国防军工,300810,中科海讯
801740,国防军工,600038,中直股份
801740,国防军工,600072,中船科技
801740,国防军工,600118,中国卫星
801740,国防军工,600150,中国船舶
801740,国防军工,600184,光电股份
801740,国防军工,600316,洪都航空
801740,国防军工,600343,航天动力
801740,国防军工,600372,中航电子
801740,国防军工,600391,航发科技
801740,国防军工,600435,北方导航
801740,国防军工,600482,中国动力
801740,国防军工,600562,国睿科技
801740,国防军工,600685,中船防务
801740,国防军工,600760,中航沈飞
801740,国防军工,600764,中国海防
801740,国防军工,600765,中航重机
801740,国防军工,600862,中航高科
801740,国防军工,600879,航天电子
801740,国防军工,600893,航发动力
801740,国防军工,600967,内蒙一机
801740,国防军工,600990,四创电子
801740,国防军工,601606,长城军工
801740,国防军工,601698,中国卫通
801740,国防军工,601890,亚星锚链
801740,国防军工,601989,中国重工
801740,国防军工,688011,新光光电
801740,国防军工,688081,兴图新科
801030,化工,000059,华锦股份
801030,化工,000096,广聚能源
801030,化工,000159,国际实业
801030,化工,000301,东方盛虹
801030,化工,000408,*ST藏格
801030,化工,000420,吉林化纤
801030,化工,000422,ST宜化
801030,化工,000510,新金路
801030,化工,000523,广州浪奇
801030,化工,000525,红太阳
801030,化工,000545,金浦钛业
801030,化工,000553,安道麦A
801030,化工,000554,泰山石油
801030,化工,000565,渝三峡A
801030,化工,000589,贵州轮胎
801030,化工,000599,青岛双星
801030,化工,000635,英力特
801030,化工,000637,茂化实华
801030,化工,000677,恒天海龙
801030,化工,000683,远兴能源
801030,化工,000698,沈阳化工
801030,化工,000703,恒逸石化
801030,化工,000707,ST双环
801030,化工,000731,四川美丰
801030,化工,000737,ST南风
801030,化工,000782,美达股份
801030,化工,000818,航锦科技
801030,化工,000819,岳阳兴长
801030,化工,000822,山东海化
801030,化工,000830,鲁西化工
801030,化工,000859,国风塑业
801030,化工,000881,中广核技
801030,化工,000893,东凌国际
801030,化工,000902,新洋丰
801030,化工,000912,泸天化
801030,化工,000936,华西股份
801030,化工,000949,新乡化纤
801030,化工,000953,*ST河化
801030,化工,000973,佛塑科技
801030,化工,000985,大庆华科
801030,化工,000990,诚志股份
801030,化工,002002,鸿达兴业
801030,化工,002004,华邦健康
801030,化工,002015,协鑫能科
801030,化工,002037,保利联合
801030,化工,002053,云南能投
801030,化工,002054,德美化工
801030,化工,002064,华峰氨纶
801030,化工,002068,黑猫股份
801030,化工,002080,中材科技
801030,化工,002092,中泰化学
801030,化工,002094,青岛金王
801030,化工,002096,南岭民爆
801030,化工,002108,沧州明珠
801030,化工,002109,兴化股份
801030,化工,002125,湘潭电化
801030,化工,002136,安纳达
801030,化工,002145,中核钛白
801030,化工,002165,红宝丽
801030,化工,002170,芭田股份
801030,化工,002172,澳洋健康
801030,化工,002201,九鼎新材
801030,化工,002206,海利得
801030,化工,002211,宏达新材
801030,化工,002215,诺普信
801030,化工,002221,东华能源
801030,化工,002224,三力士
801030,化工,002226,江南化工
801030,化工,002246,北化股份
801030,化工,002250,联化科技
801030,化工,002254,泰和新材
801030,化工,002258,利尔化学
801030,化工,002263,大东南
801030,化工,002274,华昌化工
801030,化工,002319,*ST乐通
801030,化工,002324,普利特
801030,化工,002326,永太科技
801030,化工,002341,新纶科技
801030,化工,002360,同德化工
801030,化工,002361,神剑股份
801030,化工,002381,双箭股份
801030,化工,002386,天原集团
801030,化工,002391,长青股份
801030,化工,002395,双象股份
801030,化工,002407,多氟多
801030,化工,002408,齐翔腾达
801030,化工,002427,*ST尤夫
801030,化工,002440,闰土股份
801030,化工,002442,龙星化工
801030,化工,002450,*ST康得
801030,化工,002453,华软科技
801030,化工,002455,百川股份
801030,化工,002470,金正大
801030,化工,002476,宝莫股份
801030,化工,002493,荣盛石化
801030,化工,002496,*ST辉丰
801030,化工,002497,雅化集团
801030,化工,002513,*ST蓝丰
801030,化工,002538,司尔特
801030,化工,002539,云图控股
801030,化工,002545,东方铁塔
801030,化工,002549,凯美特气
801030,化工,002556,辉隆股份
801030,化工,002562,兄弟科技
801030,化工,002584,西陇科学
801030,化工,002588,史丹利
801030,化工,002597,金禾实业
801030,化工,002601,龙蟒佰利
801030,化工,002632,道明光学
801030,化工,002637,赞宇科技
801030,化工,002643,万润股份
801030,化工,002648,卫星石化
801030,化工,002666,德联集团
801030,化工,002669,康达新材
801030,化工,002683,宏大爆破
801030,化工,002709,天赐材料
801030,化工,002734,利民股份
801030,化工,002741,光华科技
801030,化工,002748,世龙实业
801030,化工,002749,国光股份
801030,化工,002753,永东股份
801030,化工,002768,国恩股份
801030,化工,002778,高科石化
801030,化工,002783,凯龙股份
801030,化工,002802,洪汇新材
801030,化工,002805,丰元股份
801030,化工,002809,红墙股份
801030,化工,002810,山东赫达
801030,化工,002812,恩捷股份
801030,化工,002825,纳尔股份
801030,化工,002827,高争民爆
801030,化工,002838,道恩股份
801030,化工,002886,沃特股份
801030,化工,002895,川恒股份
801030,化工,002909,集泰股份
801030,化工,002915,中欣氟材
801030,化工,002917,金奥博
801030,化工,002919,名臣健康
801030,化工,002942,新农股份
801030,化工,002971,和远气体
801030,化工,002986,宇新股份
801030,化工,300019,硅宝科技
801030,化工,300035,中科电气
801030,化工,300037,新宙邦
801030,化工,300041,回天新材
801030,化工,300054,鼎龙股份
801030,化工,300067,安诺其
801030,化工,300072,三聚环保
801030,化工,300073,当升科技
801030,化工,300082,奥克股份
801030,化工,300107,建新股份
801030,化工,300109,新开源
801030,化工,300121,阳谷华泰
801030,化工,300132,青松股份
801030,化工,300135,宝利国际
801030,化工,300163,先锋新材
801030,化工,300169,天晟新材
801030,化工,300174,元力股份
801030,化工,300180,华峰超纤
801030,化工,300196,长海股份
801030,化工,300200,高盟新材
801030,化工,300214,日科化学
801030,化工,300218,安利股份
801030,化工,300221,银禧科技
801030,化工,300225,金力泰
801030,化工,300230,永利股份
801030,化工,300236,上海新阳
801030,化工,300243,瑞丰高材
801030,化工,300261,雅本化学
801030,化工,300285,国瓷材料
801030,化工,300305,裕兴股份
801030,化工,300320,海达股份
801030,化工,300321,同大股份
801030,化工,300325,德威新材
801030,化工,300387,富邦股份
801030,化工,300398,飞凯材料
801030,化工,300405,科隆股份
801030,化工,300409,道氏技术
801030,化工,300429,强力新材
801030,化工,300437,清水源
801030,化工,300446,乐凯新材
801030,化工,300478,杭州高新
801030,化工,300481,濮阳惠成
801030,化工,300487,蓝晓科技
801030,化工,300505,川金诺
801030,化工,300522,世名科技
801030,化工,300530,达志科技
801030,化工,300535,达威股份
801030,化工,300537,广信材料
801030,化工,300538,同益股份
801030,化工,300539,横河模具
801030,化工,300568,星源材质
801030,化工,300575,中旗股份
801030,化工,300576,容大感光
801030,化工,300586,美联新材
801030,化工,300587,天铁股份
801030,化工,300596,利安隆
801030,化工,300610,晨化股份
801030,化工,300637,扬帆新材
801030,化工,300641,正丹股份
801030,化工,300644,南京聚隆
801030,化工,300646,侨源气体
801030,化工,300655,晶瑞股份
801030,化工,300665,飞鹿股份
801030,化工,300684,中石科技
801030,化工,300690,双一科技
801030,化工,300699,光威复材
801030,化工,300716,国立科技
801030,化工,300717,华信新材
801030,化工,300721,怡达股份
801030,化工,300727,润禾材料
801030,化工,300728,天常股份
801030,化工,300731,科创新源
801030,化工,300740,御家汇
801030,化工,300743,天地数码
801030,化工,300758,七彩化学
801030,化工,300767,震安科技
801030,化工,300769,德方纳米
801030,化工,300777,中简科技
801030,化工,300796,贝斯美
801030,化工,300798,锦鸡股份
801030,化工,300801,泰和科技
801030,化工,300806,斯迪克
801030,化工,300821,东岳硅材
801030,化工,300839,博汇股份
801030,化工,600028,中国石化
801030,化工,600063,皖维高新
801030,化工,600075,新疆天业
801030,化工,600078,澄星股份
801030,化工,600091,ST明科
801030,化工,600096,云天化
801030,化工,600141,兴发集团
801030,化工,600143,金发科技
801030,化工,600160,巨化股份
801030,化工,600165,新日恒力
801030,化工,600176,中国巨石
801030,化工,600182,S佳通
801030,化工,600228,ST昌九
801030,化工,600230,沧州大化
801030,化工,600249,两面针
801030,化工,600256,广汇能源
801030,化工,600273,嘉化能源
801030,化工,600277,亿利洁能
801030,化工,600299,安迪苏
801030,化工,600309,万华化学
801030,化工,600315,上海家化
801030,化工,600319,ST亚星
801030,化工,600328,中盐化工
801030,化工,600346,恒力石化
801030,化工,600352,浙江龙盛
801030,化工,600367,红星发展
801030,化工,600378,昊华科技
801030,化工,600387,海越能源
801030,化工,600389,江山股份
801030,化工,600409,三友化工
801030,化工,600423,ST柳化
801030,化工,600426,华鲁恒升
801030,化工,600458,时代新材
801030,化工,600469,风神股份
801030,化工,600470,*ST六化
801030,化工,600486,扬农化工
801030,化工,600500,中化国际
801030,化工,600527,江南高纤
801030,化工,600589,广东榕泰
801030,化工,600596,新安股份
801030,化工,600618,氯碱化工
801030,化工,600623,华谊集团
801030,化工,600688,上海石化
801030,化工,600691,阳煤化工
801030,化工,600714,金瑞矿业
801030,化工,600722,金牛化工
801030,化工,600727,鲁北化工
801030,化工,600731,湖南海利
801030,化工,600746,江苏索普
801030,化工,600803,新奥股份
801030,化工,600810,神马股份
801030,化工,600844,丹化科技
801030,化工,600889,南京化纤
801030,化工,600929,湖南盐业
801030,化工,601058,赛轮轮胎
801030,化工,601163,三角轮胎
801030,化工,601208,东材科技
801030,化工,601216,君正集团
801030,化工,601233,桐昆股份
801030,化工,601500,通用股份
801030,化工,601678,滨化股份
801030,化工,601966,玲珑轮胎
801030,化工,603002,宏昌电子
801030,化工,603010,万盛股份
801030,化工,603026,石大胜华
801030,化工,603033,三维股份
801030,化工,603041,美思德
801030,化工,603067,振华股份
801030,化工,603077,和邦生物
801030,化工,603078,江化微
801030,化工,603086,先达股份
801030,化工,603110,东方材料
801030,化工,603133,碳元科技
801030,化工,603181,皇马科技
801030,化工,603188,ST亚邦
801030,化工,603192,汇得科技
801030,化工,603217,元利科技
801030,化工,603225,新凤鸣
801030,化工,603227,雪峰科技
801030,化工,603256,宏和科技
801030,化工,603266,天龙股份
801030,化工,603299,苏盐井神
801030,化工,603330,上海天洋
801030,化工,603332,苏州龙杰
801030,化工,603353,和顺石油
801030,化工,603360,百傲化学
801030,化工,603378,亚士创能
801030,化工,603379,三美股份
801030,化工,603580,艾艾精工
801030,化工,603585,苏利股份
801030,化工,603599,广信股份
801030,化工,603601,再升科技
801030,化工,603605,珀莱雅
801030,化工,603615,茶花股份
801030,化工,603630,拉芳家化
801030,化工,603639,海利尔
801030,化工,603650,彤程新材
801030,化工,603681,永冠新材
801030,化工,603683,晶华新材
801030,化工,603722,阿科力
801030,化工,603725,天安新材
801030,化工,603737,三棵树
801030,化工,603790,雅运股份
801030,化工,603798,康普顿
801030,化工,603810,丰山集团
801030,化工,603822,嘉澳环保
801030,化工,603823,百合花
801030,化工,603867,新化股份
801030,化工,603879,永悦科技
801030,化工,603906,龙蟠科技
801030,化工,603916,苏博特
801030,化工,603928,兴业股份
801030,化工,603938,三孚股份
801030,化工,603948,建业股份
801030,化工,603949,雪龙集团
801030,化工,603968,醋化股份
801030,化工,603970,中农立华
801030,化工,603977,国泰集团
801030,化工,603980,吉华集团
801030,化工,603983,丸美股份
801030,化工,603991,至正股份
801030,化工,605166,聚合顺
801030,化工,688005,容百科技
801030,化工,688021,奥福环保
801030,化工,688026,洁特生物
801030,化工,688106,金宏气体
801030,化工,688116,天奈科技
801030,化工,688157,松井股份
801030,化工,688196,卓越新能
801030,化工,688199,久日新材
801030,化工,688268,华特气体
801030,化工,688398,赛特新材
801890,机械设备,000008,神州高铁
801890,机械设备,000039,中集集团
801890,机械设备,000157,中联重科
801890,机械设备,000410,*ST沈机
801890,机械设备,000425,徐工机械
801890,机械设备,000528,柳工
801890,机械设备,000530,冰山冷热
801890,机械设备,000551,创元科技
801890,机械设备,000570,苏常柴A
801890,机械设备,000584,哈工智能
801890,机械设备,000595,*ST宝实
801890,机械设备,000680,山推股份
801890,机械设备,000777,中核科技
801890,机械设备,000811,冰轮环境
801890,机械设备,000816,ST慧业
801890,机械设备,000821,京山轻机
801890,机械设备,000837,*ST秦机
801890,机械设备,000852,石化机械
801890,机械设备,000856,冀东装备
801890,机械设备,000880,潍柴重机
801890,机械设备,000901,航天科技
801890,机械设备,000925,众合科技
801890,机械设备,000976,华铁股份
801890,机械设备,002006,精功科技
801890,机械设备,002009,天奇股份
801890,机械设备,002021,ST中捷
801890,机械设备,002026,山东威达
801890,机械设备,002031,巨轮智能
801890,机械设备,002046,轴研科技
801890,机械设备,002073,软控股份
801890,机械设备,002097,山河智能
801890,机械设备,002111,威海广泰
801890,机械设备,002122,*ST天马
801890,机械设备,002132,恒星科技
801890,机械设备,002150,通润装备
801890,机械设备,002158,汉钟精机
801890,机械设备,002164,宁波东力
801890,机械设备,002192,*ST融捷
801890,机械设备,002204,大连重工
801890,机械设备,002209,达意隆
801890,机械设备,002248,华东数控
801890,机械设备,002272,川润股份
801890,机械设备,002278,神开股份
801890,机械设备,002282,博深股份
801890,机械设备,002337,赛象科技
801890,机械设备,002338,奥普光电
801890,机械设备,002342,巨力索具
801890,机械设备,002347,泰尔股份
801890,机械设备,002353,杰瑞股份
801890,机械设备,002366,台海核电
801890,机械设备,002367,康力电梯
801890,机械设备,002426,*ST胜利
801890,机械设备,002430,杭氧股份
801890,机械设备,002438,江苏神通
801890,机械设备,002444,巨星科技
801890,机械设备,002459,晶澳科技
801890,机械设备,002480,新筑股份
801890,机械设备,002483,润邦股份
801890,机械设备,002487,大金重工
801890,机械设备,002490,山东墨龙
801890,机械设备,002509,天茂退
801890,机械设备,002514,宝馨科技
801890,机械设备,002520,日发精机
801890,机械设备,002523,天桥起重
801890,机械设备,002526,山东矿机
801890,机械设备,002529,*ST海源
801890,机械设备,002532,新界泵业
801890,机械设备,002535,*ST林重
801890,机械设备,002552,宝鼎科技
801890,机械设备,002559,亚威股份
801890,机械设备,002564,天沃科技
801890,机械设备,002595,豪迈科技
801890,机械设备,002598,山东章鼓
801890,机械设备,002613,北玻股份
801890,机械设备,002633,申科股份
801890,机械设备,002639,雪人股份
801890,机械设备,002645,华宏科技
801890,机械设备,002651,利君股份
801890,机械设备,002667,鞍重股份
801890,机械设备,002685,华东重机
801890,机械设备,002686,亿利达
801890,机械设备,002689,远大智能
801890,机械设备,002690,美亚光电
801890,机械设备,002691,冀凯股份
801890,机械设备,002698,博实股份
801890,机械设备,002722,金轮股份
801890,机械设备,002730,电光科技
801890,机械设备,002747,埃斯顿
801890,机械设备,002757,南兴股份
801890,机械设备,002760,凤形股份
801890,机械设备,002774,快意电梯
801890,机械设备,002779,中坚科技
801890,机械设备,002786,银宝山新
801890,机械设备,002795,永和智控
801890,机械设备,002796,世嘉科技
801890,机械设备,002816,和科达
801890,机械设备,002819,东方中科
801890,机械设备,002833,弘亚数控
801890,机械设备,002837,英维克
801890,机械设备,002843,泰嘉股份
801890,机械设备,002849,威星智能
801890,机械设备,002857,三晖电气
801890,机械设备,002870,香山股份
801890,机械设备,002871,伟隆股份
801890,机械设备,002877,智能自控
801890,机械设备,002884,凌霄泵业
801890,机械设备,002890,弘宇股份
801890,机械设备,002896,中大力德
801890,机械设备,002903,宇环数控
801890,机械设备,002931,锋龙股份
801890,机械设备,002943,宇晶股份
801890,机械设备,002957,科瑞技术
801890,机械设备,002960,青鸟消防
801890,机械设备,002965,祥鑫科技
801890,机械设备,002972,科安达
801890,机械设备,002975,博杰股份
801890,机械设备,002980,华盛昌
801890,机械设备,300004,南风股份
801890,机械设备,300007,汉威科技
801890,机械设备,300024,机器人
801890,机械设备,300064,豫金刚石
801890,机械设备,300066,三川智慧
801890,机械设备,300080,易成新能
801890,机械设备,300084,海默科技
801890,机械设备,300091,金通灵
801890,机械设备,300092,科新机电
801890,机械设备,300095,华伍股份
801890,机械设备,300097,智云股份
801890,机械设备,300099,精准信息
801890,机械设备,300103,达刚控股
801890,机械设备,300112,万讯自控
801890,机械设备,300114,中航电测
801890,机械设备,300126,锐奇股份
801890,机械设备,300145,中金环境
801890,机械设备,300151,昌红科技
801890,机械设备,300154,瑞凌股份
801890,机械设备,300161,华中数控
801890,机械设备,300165,天瑞仪器
801890,机械设备,300171,东富龙
801890,机械设备,300173,智慧松德
801890,机械设备,300179,四方达
801890,机械设备,300193,佳士科技
801890,机械设备,300195,长荣股份
801890,机械设备,300201,海伦哲
801890,机械设备,300210,森远股份
801890,机械设备,300222,科大智能
801890,机械设备,300228,富瑞特装
801890,机械设备,300257,开山股份
801890,机械设备,300259,新天科技
801890,机械设备,300260,新莱应材
801890,机械设备,300275,梅安森
801890,机械设备,300276,三丰智能
801890,机械设备,300278,华昌达
801890,机械设备,300281,金明精机
801890,机械设备,300293,蓝英装备
801890,机械设备,300306,远方信息
801890,机械设备,300307,慈星股份
801890,机械设备,300341,麦克奥迪
801890,机械设备,300345,红宇新材
801890,机械设备,300349,金卡智能
801890,机械设备,300351,永贵电器
801890,机械设备,300354,东华测试
801890,机械设备,300370,安控科技
801890,机械设备,300371,汇中股份
801890,机械设备,300382,斯莱克
801890,机械设备,300385,雪浪环境
801890,机械设备,300391,康跃科技
801890,机械设备,300400,劲拓股份
801890,机械设备,300402,宝色股份
801890,机械设备,300410,正业科技
801890,机械设备,300411,金盾股份
801890,机械设备,300412,迦南科技
801890,机械设备,300415,伊之密
801890,机械设备,300416,苏试试验
801890,机械设备,300417,南华仪器
801890,机械设备,300420,五洋停车
801890,机械设备,300421,力星股份
801890,机械设备,300430,诚益通
801890,机械设备,300441,鲍斯股份
801890,机械设备,300442,普丽盛
801890,机械设备,300445,康斯特
801890,机械设备,300450,先导智能
801890,机械设备,300457,赢合科技
801890,机械设备,300461,田中精机
801890,机械设备,300464,星徽精密
801890,机械设备,300470,中密控股
801890,机械设备,300471,厚普股份
801890,机械设备,300472,新元科技
801890,机械设备,300480,光力科技
801890,机械设备,300483,沃施股份
801890,机械设备,300486,东杰智能
801890,机械设备,300488,恒锋工具
801890,机械设备,300499,高澜股份
801890,机械设备,300503,昊志机电
801890,机械设备,300509,新美星
801890,机械设备,300512,中亚股份
801890,机械设备,300515,三德科技
801890,机械设备,300521,爱司凯
801890,机械设备,300540,深冷股份
801890,机械设备,300549,优德精密
801890,机械设备,300551,古鳌科技
801890,机械设备,300553,集智股份
801890,机械设备,300554,三超新材
801890,机械设备,300557,理工光科
801890,机械设备,300567,精测电子
801890,机械设备,300572,安车检测
801890,机械设备,300594,朗进科技
801890,机械设备,300604,长川科技
801890,机械设备,300606,金太阳
801890,机械设备,300607,拓斯达
801890,机械设备,300619,金银河
801890,机械设备,300629,新劲刚
801890,机械设备,300648,星云股份
801890,机械设备,300667,必创科技
801890,机械设备,300669,沪宁股份
801890,机械设备,300700,岱勒新材
801890,机械设备,300718,长盛轴承
801890,机械设备,300720,海川智能
801890,机械设备,300724,捷佳伟创
801890,机械设备,300751,迈为股份
801890,机械设备,300756,中山金马
801890,机械设备,300757,罗博特科
801890,机械设备,300776,帝尔激光
801890,机械设备,300780,德恩精工
801890,机械设备,300786,国林科技
801890,机械设备,300800,力合科技
801890,机械设备,300802,矩子科技
801890,机械设备,300809,华辰装备
801890,机械设备,300812,易天股份
801890,机械设备,300813,泰林生物
801890,机械设备,300817,双飞股份
801890,机械设备,300818,耐普矿机
801890,机械设备,300823,建科机械
801890,机械设备,300833,浩洋股份
801890,机械设备,300836,佰奥智能
801890,机械设备,300837,浙矿股份
801890,机械设备,300838,浙江力诺
801890,机械设备,600031,三一重工
801890,机械设备,600169,太原重工
801890,机械设备,600172,黄河旋风
801890,机械设备,600218,全柴动力
801890,机械设备,600243,*ST海华
801890,机械设备,600262,北方股份
801890,机械设备,600302,标准股份
801890,机械设备,600320,振华重工
801890,机械设备,600375,华菱星马
801890,机械设备,600388,龙净环保
801890,机械设备,600421,ST仰帆
801890,机械设备,600444,国机通用
801890,机械设备,600481,双良节能
801890,机械设备,600495,晋西车轴
801890,机械设备,600499,科达洁能
801890,机械设备,600501,航天晨光
801890,机械设备,600520,文一科技
801890,机械设备,600526,菲达环保
801890,机械设备,600528,中铁工业
801890,机械设备,600545,卓郎智能
801890,机械设备,600558,大西洋
801890,机械设备,600560,金自天正
801890,机械设备,600579,克劳斯
801890,机械设备,600582,天地科技
801890,机械设备,600592,龙溪股份
801890,机械设备,600761,安徽合力
801890,机械设备,600815,*ST厦工
801890,机械设备,600835,上海机电
801890,机械设备,600841,上柴股份
801890,机械设备,600843,上工申贝
801890,机械设备,600860,*ST京城
801890,机械设备,600894,广日股份
801890,机械设备,600984,建设机械
801890,机械设备,600992,贵绳股份
801890,机械设备,601002,晋亿实业
801890,机械设备,601028,玉龙股份
801890,机械设备,601038,一拖股份
801890,机械设备,601100,恒立液压
801890,机械设备,601106,中国一重
801890,机械设备,601177,杭齿前进
801890,机械设备,601369,陕鼓动力
801890,机械设备,601608,中信重工
801890,机械设备,601766,中国中车
801890,机械设备,601798,蓝科高新
801890,机械设备,601882,海天精工
801890,机械设备,603011,合锻智能
801890,机械设备,603012,创力集团
801890,机械设备,603028,赛福天
801890,机械设备,603029,天鹅股份
801890,机械设备,603036,如通股份
801890,机械设备,603076,乐惠国际
801890,机械设备,603088,宁波精达
801890,机械设备,603090,宏盛股份
801890,机械设备,603095,越剑智能
801890,机械设备,603111,康尼机电
801890,机械设备,603131,上海沪工
801890,机械设备,603159,上海亚虹
801890,机械设备,603169,兰石重装
801890,机械设备,603185,上机数控
801890,机械设备,603187,海容冷链
801890,机械设备,603203,快克股份
801890,机械设备,603269,海鸥股份
801890,机械设备,603277,银都股份
801890,机械设备,603278,大业股份
801890,机械设备,603279,景津环保
801890,机械设备,603283,赛腾股份
801890,机械设备,603289,泰瑞机器
801890,机械设备,603298,杭叉集团
801890,机械设备,603308,应流股份
801890,机械设备,603311,金海环境
801890,机械设备,603315,福鞍股份
801890,机械设备,603318,派思股份
801890,机械设备,603321,梅轮电梯
801890,机械设备,603331,百达精工
801890,机械设备,603337,杰克股份
801890,机械设备,603338,浙江鼎力
801890,机械设备,603339,四方科技
801890,机械设备,603356,华菱精工
801890,机械设备,603486,科沃斯
801890,机械设备,603488,展鹏科技
801890,机械设备,603500,祥和实业
801890,机械设备,603551,奥普家居
801890,机械设备,603556,海兴电力
801890,机械设备,603611,诺力股份
801890,机械设备,603617,君禾股份
801890,机械设备,603626,科森科技
801890,机械设备,603638,艾迪精密
801890,机械设备,603656,泰禾光电
801890,机械设备,603662,柯力传感
801890,机械设备,603666,亿嘉和
801890,机械设备,603667,五洲新春
801890,机械设备,603680,今创集团
801890,机械设备,603686,龙马环卫
801890,机械设备,603690,至纯科技
801890,机械设备,603699,纽威股份
801890,机械设备,603700,宁水集团
801890,机械设备,603757,大元泵业
801890,机械设备,603789,星光农机
801890,机械设备,603800,道森股份
801890,机械设备,603855,华荣股份
801890,机械设备,603895,天永智能
801890,机械设备,603901,永创智能
801890,机械设备,603912,佳力图
801890,机械设备,603915,国茂股份
801890,机械设备,603956,威派格
801890,机械设备,603960,克来机电
801890,机械设备,603966,法兰泰克
801890,机械设备,603969,银龙股份
801890,机械设备,603985,恒润股份
801890,机械设备,605001,威奥股份
801890,机械设备,688001,华兴源创
801890,机械设备,688003,天准科技
801890,机械设备,688006,杭可科技
801890,机械设备,688009,中国通号
801890,机械设备,688012,中微公司
801890,机械设备,688015,交控科技
801890,机械设备,688022,瀚川智能
801890,机械设备,688028,沃尔德
801890,机械设备,688033,天宜上佳
801890,机械设备,688037,芯源微
801890,机械设备,688090,瑞松科技
801890,机械设备,688128,中国电研
801890,机械设备,688169,石头科技
801890,机械设备,688200,华峰测控
801890,机械设备,688218,江苏北人
801890,机械设备,688310,迈得医疗
801890,机械设备,688312,燕麦科技
801890,机械设备,688333,铂力特
801890,机械设备,688360,德马科技
801890,机械设备,688518,联赢激光
801750,计算机,000034,神州数码
801750,计算机,000066,中国长城
801750,计算机,000158,常山北明
801750,计算机,000555,神州信息
801750,计算机,000606,顺利办
801750,计算机,000662,天夏智慧
801750,计算机,000938,紫光股份
801750,计算机,000948,南天信息
801750,计算机,000977,浪潮信息
801750,计算机,000997,新大陆
801750,计算机,002063,远光软件
801750,计算机,002065,东华软件
801750,计算机,002072,ST凯瑞
801750,计算机,002152,广电运通
801750,计算机,002153,石基信息
801750,计算机,002177,御银股份
801750,计算机,002180,纳思达
801750,计算机,002195,二三四五
801750,计算机,002197,证通电子
801750,计算机,002212,南洋股份
801750,计算机,002230,科大讯飞
801750,计算机,002232,启明信息
801750,计算机,002253,川大智胜
801750,计算机,002268,卫士通
801750,计算机,002279,久其软件
801750,计算机,002280,联络互动
801750,计算机,002296,辉煌科技
801750,计算机,002308,威创股份
801750,计算机,002312,三泰控股
801750,计算机,002316,亚联发展
801750,计算机,002331,皖通科技
801750,计算机,002362,汉王科技
801750,计算机,002368,太极股份
801750,计算机,002373,千方科技
801750,计算机,002376,新北洋
801750,计算机,002380,科远智慧
801750,计算机,002383,合众思壮
801750,计算机,002401,中远海科
801750,计算机,002405,四维图新
801750,计算机,002410,广联达
801750,计算机,002417,深南股份
801750,计算机,002421,达实智能
801750,计算机,002439,启明星辰
801750,计算机,002474,榕基软件
801750,计算机,002512,达华智能
801750,计算机,002528,英飞拓
801750,计算机,002530,金财互联
801750,计算机,002537,海联金汇
801750,计算机,002577,雷柏科技
801750,计算机,002609,捷顺科技
801750,计算机,002642,荣之联
801750,计算机,002649,博彦科技
801750,计算机,002657,中科金财
801750,计算机,002766,*ST索菱
801750,计算机,002771,真视通
801750,计算机,002777,久远银海
801750,计算机,002835,同为股份
801750,计算机,002912,中新赛克
801750,计算机,002920,德赛西威
801750,计算机,002987,京北方
801750,计算机,002990,盛视科技
801750,计算机,300002,神州泰岳
801750,计算机,300010,立思辰
801750,计算机,300020,银江股份
801750,计算机,300033,同花顺
801750,计算机,300036,超图软件
801750,计算机,300042,朗科科技
801750,计算机,300044,赛为智能
801750,计算机,300045,华力创通
801750,计算机,300047,天源迪科
801750,计算机,300074,华平股份
801750,计算机,300075,数字政通
801750,计算机,300079,数码科技
801750,计算机,300085,银之杰
801750,计算机,300096,易联众
801750,计算机,300130,新国都
801750,计算机,300150,世纪瑞尔
801750,计算机,300155,安居宝
801750,计算机,300166,东方国信
801750,计算机,300167,迪威迅
801750,计算机,300168,万达信息
801750,计算机,300170,汉得信息
801750,计算机,300177,中海达
801750,计算机,300188,美亚柏科
801750,计算机,300202,聚龙股份
801750,计算机,300209,天泽信息
801750,计算机,300212,易华录
801750,计算机,300229,拓尔思
801750,计算机,300231,银信科技
801750,计算机,300235,方直科技
801750,计算机,300245,天玑科技
801750,计算机,300248,新开普
801750,计算机,300250,初灵信息
801750,计算机,300253,卫宁健康
801750,计算机,300264,佳创视讯
801750,计算机,300270,中威电子
801750,计算机,300271,华宇软件
801750,计算机,300277,海联讯
801750,计算机,300287,飞利信
801750,计算机,300288,朗玛信息
801750,计算机,300290,荣科科技
801750,计算机,300297,蓝盾股份
801750,计算机,300300,汉鼎宇佑
801750,计算机,300302,同有科技
801750,计算机,300311,任子行
801750,计算机,300324,旋极信息
801750,计算机,300330,华虹计通
801750,计算机,300333,兆日科技
801750,计算机,300339,润和软件
801750,计算机,300344,太空智造
801750,计算机,300348,长亮科技
801750,计算机,300352,北信源
801750,计算机,300365,恒华科技
801750,计算机,300366,创意信息
801750,计算机,300367,东方网力
801750,计算机,300368,汇金股份
801750,计算机,300369,绿盟科技
801750,计算机,300377,赢时胜
801750,计算机,300378,鼎捷软件
801750,计算机,300379,东方通
801750,计算机,300380,安硕信息
801750,计算机,300386,飞天诚信
801750,计算机,300399,京天利
801750,计算机,300419,浩丰科技
801750,计算机,300440,运达科技
801750,计算机,300448,浩云科技
801750,计算机,300449,汉邦高科
801750,计算机,300451,创业慧康
801750,计算机,300454,深信服
801750,计算机,300455,康拓红外
801750,计算机,300462,华铭智能
801750,计算机,300465,高伟达
801750,计算机,300468,四方精创
801750,计算机,300469,信息发展
801750,计算机,300479,神思电子
801750,计算机,300496,中科创达
801750,计算机,300508,维宏股份
801750,计算机,300520,科大国创
801750,计算机,300523,辰安科技
801750,计算机,300525,博思软件
801750,计算机,300532,今天国际
801750,计算机,300541,先进数通
801750,计算机,300542,新晨科技
801750,计算机,300546,雄帝科技
801750,计算机,300550,和仁科技
801750,计算机,300552,万集科技
801750,计算机,300556,丝路视觉
801750,计算机,300559,佳发教育
801750,计算机,300561,汇金科技
801750,计算机,300579,数字认证
801750,计算机,300588,熙菱信息
801750,计算机,300598,诚迈科技
801750,计算机,300605,恒锋信息
801750,计算机,300608,思特奇
801750,计算机,300609,汇纳科技
801750,计算机,300624,万兴科技
801750,计算机,300634,彩讯股份
801750,计算机,300645,正元智慧
801750,计算机,300659,中孚信息
801750,计算机,300663,科蓝软件
801750,计算机,300674,宇信科技
801750,计算机,300678,中科信息
801750,计算机,300682,朗新科技
801750,计算机,300687,赛意信息
801750,计算机,300730,科创信息
801750,计算机,300738,奥飞数据
801750,计算机,300766,每日互动
801750,计算机,300768,迪普科技
801750,计算机,300771,智莱科技
801750,计算机,300773,拉卡拉
801750,计算机,300789,唐源电气
801750,计算机,300799,左江科技
801750,计算机,300803,指南针
801750,计算机,300807,天迈科技
801750,计算机,300830,金现代
801750,计算机,600100,同方股份
801750,计算机,600271,航天信息
801750,计算机,600410,华胜天成
801750,计算机,600446,金证股份
801750,计算机,600476,湘邮科技
801750,计算机,600536,中国软件
801750,计算机,600570,恒生电子
801750,计算机,600571,信雅达
801750,计算机,600588,用友网络
801750,计算机,600602,云赛智联
801750,计算机,600654,ST中安
801750,计算机,600718,东软集团
801750,计算机,600728,佳都科技
801750,计算机,600756,浪潮软件
801750,计算机,600797,浙大网新
801750,计算机,600800,天津磁卡
801750,计算机,600845,宝信软件
801750,计算机,600850,华东电脑
801750,计算机,600855,航天长峰
801750,计算机,601360,三六零
801750,计算机,601519,大智慧
801750,计算机,603019,中科曙光
801750,计算机,603039,泛微网络
801750,计算机,603106,恒银金融
801750,计算机,603138,海量数据
801750,计算机,603189,网达软件
801750,计算机,603232,格尔软件
801750,计算机,603383,顶点软件
801750,计算机,603496,恒为科技
801750,计算机,603508,思维列控
801750,计算机,603516,淳中科技
801750,计算机,603528,多伦科技
801750,计算机,603636,南威软件
801750,计算机,603660,苏州科达
801750,计算机,603869,新智认知
801750,计算机,603881,数据港
801750,计算机,603918,金桥信息
801750,计算机,603927,中科软
801750,计算机,603990,麦迪科技
801750,计算机,688004,N博汇
801750,计算机,688023,安恒信息
801750,计算机,688030,山石网科
801750,计算机,688039,当虹科技
801750,计算机,688051,佳华科技
801750,计算机,688058,宝兰德
801750,计算机,688066,航天宏图
801750,计算机,688078,龙软科技
801750,计算机,688086,紫晶存储
801750,计算机,688088,虹软科技
801750,计算机,688111,金山办公
801750,计算机,688118,普元信息
801750,计算机,688158,优刻得-W
801750,计算机,688168,安博通
801750,计算机,688188,柏楚电子
801750,计算机,688208,道通科技
801750,计算机,688228,开普云
801750,计算机,688258,卓易信息
801750,计算机,688288,鸿泉物联
801750,计算机,688318,财富趋势
801750,计算机,688365,光云科技
801750,计算机,688369,致远互联
801750,计算机,688555,泽达易盛
801750,计算机,688588,凌志软件
801110,家用电器,000016,深康佳A
801110,家用电器,000333,美的集团
801110,家用电器,000404,长虹华意
801110,家用电器,000521,长虹美菱
801110,家用电器,000651,格力电器
801110,家用电器,000801,四川九洲
801110,家用电器,000810,创维数字
801110,家用电器,000921,海信家电
801110,家用电器,002011,盾安环境
801110,家用电器,002032,苏泊尔
801110,家用电器,002035,华帝股份
801110,家用电器,002050,三花智控
801110,家用电器,002052,*ST同洲
801110,家用电器,002242,九阳股份
801110,家用电器,002290,*ST中科
801110,家用电器,002403,爱仕达
801110,家用电器,002418,*ST康盛
801110,家用电器,002420,*ST毅昌
801110,家用电器,002429,兆驰股份
801110,家用电器,002473,圣莱达
801110,家用电器,002508,老板电器
801110,家用电器,002519,银河电子
801110,家用电器,002543,万和电气
801110,家用电器,002614,奥佳华
801110,家用电器,002668,奥马电器
801110,家用电器,002676,顺威股份
801110,家用电器,002677,浙江美大
801110,家用电器,002705,新宝股份
801110,家用电器,002723,金莱特
801110,家用电器,002759,天际股份
801110,家用电器,002848,高斯贝尔
801110,家用电器,002860,星帅尔
801110,家用电器,002959,小熊电器
801110,家用电器,300160,秀强股份
801110,家用电器,300217,东方电热
801110,家用电器,300247,融捷健康
801110,家用电器,300249,依米康
801110,家用电器,300272,开能健康
801110,家用电器,300342,天银机电
801110,家用电器,300403,汉宇集团
801110,家用电器,300475,聚隆科技
801110,家用电器,300824,北鼎股份
801110,家用电器,600060,海信视像
801110,家用电器,600336,澳柯玛
801110,家用电器,600619,海立股份
801110,家用电器,600690,海尔智家
801110,家用电器,600839,四川长虹
801110,家用电器,600854,春兰股份
801110,家用电器,600983,惠而浦
801110,家用电器,603355,莱克电气
801110,家用电器,603366,日出东方
801110,家用电器,603519,立霸股份
801110,家用电器,603578,三星新材
801110,家用电器,603579,荣泰健康
801110,家用电器,603657,春光科技
801110,家用电器,603677,奇精机械
801110,家用电器,603726,朗迪集团
801110,家用电器,603868,飞科电器
801110,家用电器,603996,*ST中新
801710,建筑材料,000012,南玻A
801710,建筑材料,000023,深天地A
801710,建筑材料,000401,冀东水泥
801710,建筑材料,000546,金圆股份
801710,建筑材料,000619,海螺型材
801710,建筑材料,000672,上峰水泥
801710,建筑材料,000786,北新建材
801710,建筑材料,000789,万年青
801710,建筑材料,000877,天山股份
801710,建筑材料,000935,四川双马
801710,建筑材料,002043,兔宝宝
801710,建筑材料,002066,瑞泰科技
801710,建筑材料,002082,万邦德
801710,建筑材料,002088,鲁阳节能
801710,建筑材料,002162,悦心健康
801710,建筑材料,002163,中航三鑫
801710,建筑材料,002225,濮耐股份
801710,建筑材料,002233,塔牌集团
801710,建筑材料,002271,东方雨虹
801710,建筑材料,002302,西部建设
801710,建筑材料,002323,*ST雅博
801710,建筑材料,002333,ST罗普
801710,建筑材料,002372,伟星新材
801710,建筑材料,002392,北京利尔
801710,建筑材料,002398,垒知集团
801710,建筑材料,002457,青龙管业
801710,建筑材料,002596,海南瑞泽
801710,建筑材料,002623,亚玛顿
801710,建筑材料,002641,永高股份
801710,建筑材料,002652,扬子新材
801710,建筑材料,002671,龙泉股份
801710,建筑材料,002694,顾地科技
801710,建筑材料,002718,友邦吊顶
801710,建筑材料,002742,三圣股份
801710,建筑材料,002785,万里石
801710,建筑材料,002791,坚朗五金
801710,建筑材料,002918,蒙娜丽莎
801710,建筑材料,300093,金刚玻璃
801710,建筑材料,300117,嘉寓股份
801710,建筑材料,300198,纳川股份
801710,建筑材料,300234,开尔新材
801710,建筑材料,300374,恒通科技
801710,建筑材料,300599,雄塑科技
801710,建筑材料,300715,凯伦股份
801710,建筑材料,300737,科顺股份
801710,建筑材料,600321,正源股份
801710,建筑材料,600326,西藏天路
801710,建筑材料,600425,青松建化
801710,建筑材料,600449,宁夏建材
801710,建筑材料,600585,海螺水泥
801710,建筑材料,600586,金晶科技
801710,建筑材料,600668,尖峰集团
801710,建筑材料,600678,四川金顶
801710,建筑材料,600720,祁连山
801710,建筑材料,600801,华新水泥
801710,建筑材料,600802,福建水泥
801710,建筑材料,600819,耀皮玻璃
801710,建筑材料,600876,洛阳玻璃
801710,建筑材料,600881,亚泰集团
801710,建筑材料,600883,博闻科技
801710,建筑材料,601636,旗滨集团
801710,建筑材料,601865,福莱特
801710,建筑材料,601992,金隅集团
801710,建筑材料,603038,华立股份
801710,建筑材料,603616,韩建河山
801710,建筑材料,603856,东宏股份
801710,建筑材料,603937,丽岛新材
801720,建筑装饰,000010,*ST美丽
801720,建筑装饰,000055,方大集团
801720,建筑装饰,000065,北方国际
801720,建筑装饰,000498,山东路桥
801720,建筑装饰,000628,高新发展
801720,建筑装饰,000779,甘咨询
801720,建筑装饰,000928,中钢国际
801720,建筑装饰,002047,宝鹰股份
801720,建筑装饰,002051,中工国际
801720,建筑装饰,002060,粤水电
801720,建筑装饰,002061,浙江交科
801720,建筑装饰,002062,宏润建设
801720,建筑装饰,002081,金螳螂
801720,建筑装饰,002116,中国海诚
801720,建筑装饰,002135,东南网架
801720,建筑装饰,002140,东华科技
801720,建筑装饰,002178,延华智能
801720,建筑装饰,002200,ST云投
801720,建筑装饰,002298,中电兴发
801720,建筑装饰,002307,北新路桥
801720,建筑装饰,002310,东方园林
801720,建筑装饰,002325,洪涛股份
801720,建筑装饰,002374,丽鹏股份
801720,建筑装饰,002375,亚厦股份
801720,建筑装饰,002431,棕榈股份
801720,建筑装饰,002469,三维工程
801720,建筑装饰,002482,广田集团
801720,建筑装饰,002504,弘高创意
801720,建筑装饰,002541,鸿路钢构
801720,建筑装饰,002542,中化岩土
801720,建筑装饰,002586,*ST围海
801720,建筑装饰,002593,日上集团
801720,建筑装饰,002620,瑞和股份
801720,建筑装饰,002628,成都路桥
801720,建筑装饰,002663,普邦股份
801720,建筑装饰,002713,东易日盛
801720,建筑装饰,002717,岭南股份
801720,建筑装饰,002743,富煌钢构
801720,建筑装饰,002775,文科园林
801720,建筑装饰,002781,奇信股份
801720,建筑装饰,002789,建艺集团
801720,建筑装饰,002811,郑中设计
801720,建筑装饰,002822,中装建设
801720,建筑装饰,002830,名雕股份
801720,建筑装饰,002856,美芝股份
801720,建筑装饰,002883,中设股份
801720,建筑装饰,002941,新疆交建
801720,建筑装饰,002949,华阳国际
801720,建筑装饰,002963,豪尔赛
801720,建筑装饰,002989,中天精装
801720,建筑装饰,300197,铁汉生态
801720,建筑装饰,300237,美晨生态
801720,建筑装饰,300284,苏交科
801720,建筑装饰,300355,蒙草生态
801720,建筑装饰,300384,三联虹普
801720,建筑装饰,300492,华图山鼎
801720,建筑装饰,300495,美尚生态
801720,建筑装饰,300500,启迪设计
801720,建筑装饰,300506,名家汇
801720,建筑装饰,300517,海波重科
801720,建筑装饰,300536,农尚环境
801720,建筑装饰,300564,筑博设计
801720,建筑装饰,300592,华凯创意
801720,建筑装饰,300621,维业股份
801720,建筑装饰,300635,中达安
801720,建筑装饰,300649,杭州园林
801720,建筑装饰,300668,杰恩设计
801720,建筑装饰,300675,建科院
801720,建筑装饰,300712,永福股份
801720,建筑装饰,300732,设研院
801720,建筑装饰,300746,汉嘉设计
801720,建筑装饰,300778,新城市
801720,建筑装饰,300826,测绘股份
801720,建筑装饰,600039,四川路桥
801720,建筑装饰,600068,葛洲坝
801720,建筑装饰,600133,东湖高新
801720,建筑装饰,600170,上海建工
801720,建筑装饰,600193,ST创兴
801720,建筑装饰,600209,ST罗顿
801720,建筑装饰,600248,延长化建
801720,建筑装饰,600284,浦东建设
801720,建筑装饰,600477,杭萧钢构
801720,建筑装饰,600491,龙元建设
801720,建筑装饰,600496,精工钢构
801720,建筑装饰,600502,安徽建工
801720,建筑装饰,600512,腾达建设
801720,建筑装饰,600629,华建集团
801720,建筑装饰,600769,祥龙电业
801720,建筑装饰,600820,隧道股份
801720,建筑装饰,600846,同济科技
801720,建筑装饰,600853,龙建股份
801720,建筑装饰,600939,重庆建工
801720,建筑装饰,600970,中材国际
801720,建筑装饰,601068,中铝国际
801720,建筑装饰,601117,中国化学
801720,建筑装饰,601186,中国铁建
801720,建筑装饰,601226,华电重工
801720,建筑装饰,601390,中国中铁
801720,建筑装饰,601611,中国核建
801720,建筑装饰,601618,中国中冶
801720,建筑装饰,601668,中国建筑
801720,建筑装饰,601669,中国电建
801720,建筑装饰,601789,宁波建工
801720,建筑装饰,601800,中国交建
801720,建筑装饰,601886,江河集团
801720,建筑装饰,603007,花王股份
801720,建筑装饰,603017,中衡设计
801720,建筑装饰,603018,中设集团
801720,建筑装饰,603030,全筑股份
801720,建筑装饰,603081,大丰实业
801720,建筑装饰,603098,森特股份
801720,建筑装饰,603316,诚邦股份
801720,建筑装饰,603357,设计总院
801720,建筑装饰,603359,东珠生态
801720,建筑装饰,603388,元成股份
801720,建筑装饰,603458,勘设股份
801720,建筑装饰,603466,风语筑
801720,建筑装饰,603637,镇海股份
801720,建筑装饰,603698,航天工程
801720,建筑装饰,603717,天域生态
801720,建筑装饰,603778,乾景园林
801720,建筑装饰,603815,交建股份
801720,建筑装饰,603828,柯利达
801720,建筑装饰,603843,正平股份
801720,建筑装饰,603860,中公高科
801720,建筑装饰,603887,城地股份
801720,建筑装饰,603909,合诚股份
801720,建筑装饰,603929,亚翔集成
801720,建筑装饰,603955,大千生态
801720,建筑装饰,603959,百利科技
801170,交通运输,000088,盐田港
801170,交通运输,000089,深圳机场
801170,交通运输,000099,中信海直
801170,交通运输,000429,粤高速A
801170,交通运输,000507,珠海港
801170,交通运输,000520,长航凤凰
801170,交通运输,000548,湖南投资
801170,交通运输,000557,西部创业
801170,交通运输,000582,北部湾港
801170,交通运输,000755,山西路桥
801170,交通运输,000828,东莞控股
801170,交通运输,000885,城发环境
801170,交通运输,000886,海南高速
801170,交通运输,000900,现代投资
801170,交通运输,000905,厦门港务
801170,交通运输,001872,招商港口
801170,交通运输,001965,招商公路
801170,交通运输,002010,传化智联
801170,交通运输,002040,南京港
801170,交通运输,002120,韵达股份
801170,交通运输,002183,怡亚通
801170,交通运输,002210,*ST飞马
801170,交通运输,002245,澳洋顺昌
801170,交通运输,002320,海峡股份
801170,交通运输,002352,顺丰控股
801170,交通运输,002357,富临运业
801170,交通运输,002468,申通快递
801170,交通运输,002492,恒基达鑫
801170,交通运输,002627,宜昌交运
801170,交通运输,002682,龙洲股份
801170,交通运输,002769,普路通
801170,交通运输,002800,天顺股份
801170,交通运输,002889,东方嘉盛
801170,交通运输,002928,华夏航空
801170,交通运输,002930,宏川智慧
801170,交通运输,300013,新宁物流
801170,交通运输,300240,飞力达
801170,交通运输,300350,华鹏飞
801170,交通运输,600004,白云机场
801170,交通运输,600009,上海机场
801170,交通运输,600012,皖通高速
801170,交通运输,600017,日照港
801170,交通运输,600018,上港集团
801170,交通运输,600020,中原高速
801170,交通运输,600026,中远海能
801170,交通运输,600029,南方航空
801170,交通运输,600033,福建高速
801170,交通运输,600035,楚天高速
801170,交通运输,600057,厦门象屿
801170,交通运输,600106,重庆路桥
801170,交通运输,600115,东方航空
801170,交通运输,600119,ST长投
801170,交通运输,600125,铁龙物流
801170,交通运输,600153,建发股份
801170,交通运输,600179,*ST安通
801170,交通运输,600180,瑞茂通
801170,交通运输,600190,锦州港
801170,交通运输,600221,海航控股
801170,交通运输,600233,圆通速递
801170,交通运输,600269,赣粤高速
801170,交通运输,600279,重庆港九
801170,交通运输,600317,营口港
801170,交通运输,600350,山东高速
801170,交通运输,600368,五洲交通
801170,交通运输,600377,宁沪高速
801170,交通运输,600428,中远海特
801170,交通运输,600548,深高速
801170,交通运输,600561,江西长运
801170,交通运输,600575,淮河能源
801170,交通运输,600611,大众交通
801170,交通运输,600650,锦江投资
801170,交通运输,600662,强生控股
801170,交通运输,600704,物产中大
801170,交通运输,600717,天津港
801170,交通运输,600787,中储股份
801170,交通运输,600794,保税科技
801170,交通运输,600798,宁波海运
801170,交通运输,600834,申通地铁
801170,交通运输,600897,厦门空港
801170,交通运输,601000,唐山港
801170,交通运输,601006,大秦铁路
801170,交通运输,601008,连云港
801170,交通运输,601018,宁波港
801170,交通运输,601021,春秋航空
801170,交通运输,601107,四川成渝
801170,交通运输,601111,中国国航
801170,交通运输,601188,龙江交通
801170,交通运输,601228,广州港
801170,交通运输,601298,青岛港
801170,交通运输,601326,秦港股份
801170,交通运输,601333,广深铁路
801170,交通运输,601518,吉林高速
801170,交通运输,601598,中国外运
801170,交通运输,601816,京沪高铁
801170,交通运输,601866,中远海发
801170,交通运输,601872,招商轮船
801170,交通运输,601880,大连港
801170,交通运输,601919,中远海控
801170,交通运输,601975,招商南油
801170,交通运输,603032,德新交运
801170,交通运输,603056,德邦股份
801170,交通运输,603066,音飞储存
801170,交通运输,603069,海汽集团
801170,交通运输,603117,万林物流
801170,交通运输,603128,华贸物流
801170,交通运输,603167,渤海轮渡
801170,交通运输,603223,恒通股份
801170,交通运输,603329,上海雅仕
801170,交通运输,603535,嘉诚国际
801170,交通运输,603569,长久物流
801170,交通运输,603648,畅联股份
801170,交通运输,603713,密尔克卫
801170,交通运输,603813,原尚股份
801170,交通运输,603871,嘉友国际
801170,交通运输,603885,吉祥航空
801170,交通运输,603967,中创物流
801010,农林牧渔,000048,京基智农
801010,农林牧渔,000505,京粮控股
801010,农林牧渔,000576,广东甘化
801010,农林牧渔,000592,平潭发展
801010,农林牧渔,000702,正虹科技
801010,农林牧渔,000713,丰乐种业
801010,农林牧渔,000735,罗牛山
801010,农林牧渔,000798,中水渔业
801010,农林牧渔,000876,新希望
801010,农林牧渔,000911,ST南糖
801010,农林牧渔,000930,中粮科技
801010,农林牧渔,000972,ST中基
801010,农林牧渔,000998,隆平高科
801010,农林牧渔,002041,登海种业
801010,农林牧渔,002069,獐子岛
801010,农林牧渔,002086,ST东海洋
801010,农林牧渔,002100,天康生物
801010,农林牧渔,002124,天邦股份
801010,农林牧渔,002157,正邦科技
801010,农林牧渔,002220,*ST天宝
801010,农林牧渔,002234,民和股份
801010,农林牧渔,002286,保龄宝
801010,农林牧渔,002299,圣农发展
801010,农林牧渔,002311,海大集团
801010,农林牧渔,002321,华英农业
801010,农林牧渔,002385,大北农
801010,农林牧渔,002458,益生股份
801010,农林牧渔,002548,金新农
801010,农林牧渔,002567,唐人神
801010,农林牧渔,002604,龙力退
801010,农林牧渔,002679,福建金森
801010,农林牧渔,002688,金河生物
801010,农林牧渔,002696,百洋股份
801010,农林牧渔,002714,牧原股份
801010,农林牧渔,002746,仙坛股份
801010,农林牧渔,002772,众兴菌业
801010,农林牧渔,002852,道道全
801010,农林牧渔,002868,绿康生化
801010,农林牧渔,002891,中宠股份
801010,农林牧渔,002982,湘佳股份
801010,农林牧渔,300021,大禹节水
801010,农林牧渔,300087,荃银高科
801010,农林牧渔,300094,国联水产
801010,农林牧渔,300106,西部牧业
801010,农林牧渔,300119,瑞普生物
801010,农林牧渔,300138,晨光生物
801010,农林牧渔,300175,朗源股份
801010,农林牧渔,300189,神农科技
801010,农林牧渔,300268,佳沃股份
801010,农林牧渔,300313,天山生物
801010,农林牧渔,300498,温氏股份
801010,农林牧渔,300511,雪榕生物
801010,农林牧渔,300673,佩蒂股份
801010,农林牧渔,300761,立华股份
801010,农林牧渔,300829,金丹科技
801010,农林牧渔,600097,开创国际
801010,农林牧渔,600108,亚盛集团
801010,农林牧渔,600127,金健米业
801010,农林牧渔,600191,华资实业
801010,农林牧渔,600195,中牧股份
801010,农林牧渔,600201,生物股份
801010,农林牧渔,600251,冠农股份
801010,农林牧渔,600257,大湖股份
801010,农林牧渔,600265,ST景谷
801010,农林牧渔,600275,ST昌鱼
801010,农林牧渔,600298,安琪酵母
801010,农林牧渔,600313,农发种业
801010,农林牧渔,600354,*ST敦种
801010,农林牧渔,600359,新农开发
801010,农林牧渔,600371,万向德农
801010,农林牧渔,600467,好当家
801010,农林牧渔,600506,香梨股份
801010,农林牧渔,600540,新赛股份
801010,农林牧渔,600598,北大荒
801010,农林牧渔,600737,中粮糖业
801010,农林牧渔,600873,梅花生物
801010,农林牧渔,600962,国投中鲁
801010,农林牧渔,600975,新五丰
801010,农林牧渔,601118,海南橡胶
801010,农林牧渔,601952,苏垦农发
801010,农林牧渔,603336,宏辉果蔬
801010,农林牧渔,603363,傲农生物
801010,农林牧渔,603566,普莱柯
801010,农林牧渔,603609,禾丰牧业
801010,农林牧渔,603668,天马科技
801010,农林牧渔,603718,海利生物
801010,农林牧渔,603739,蔚蓝生物
801010,农林牧渔,688098,申联生物
801880,汽车,000017,*ST中华A
801880,汽车,000025,特力A
801880,汽车,000030,富奥股份
801880,汽车,000338,潍柴动力
801880,汽车,000550,江铃汽车
801880,汽车,000559,万向钱潮
801880,汽车,000572,*ST海马
801880,汽车,000581,威孚高科
801880,汽车,000622,恒立实业
801880,汽车,000625,长安汽车
801880,汽车,000678,襄阳轴承
801880,汽车,000700,模塑科技
801880,汽车,000753,漳州发展
801880,汽车,000757,浩物股份
801880,汽车,000760,*ST斯太
801880,汽车,000800,一汽解放
801880,汽车,000868,*ST安凯
801880,汽车,000887,中鼎股份
801880,汽车,000903,云内动力
801880,汽车,000913,钱江摩托
801880,汽车,000927,*ST夏利
801880,汽车,000951,中国重汽
801880,汽车,000957,中通客车
801880,汽车,000980,众泰汽车
801880,汽车,000996,中国中期
801880,汽车,001696,宗申动力
801880,汽车,002048,宁波华翔
801880,汽车,002085,万丰奥威
801880,汽车,002101,广东鸿图
801880,汽车,002105,信隆健康
801880,汽车,002126,银轮股份
801880,汽车,002213,特尔佳
801880,汽车,002239,奥特佳
801880,汽车,002265,西仪股份
801880,汽车,002283,天润工业
801880,汽车,002284,亚太股份
801880,汽车,002328,新朋股份
801880,汽车,002355,兴民智通
801880,汽车,002363,隆基机械
801880,汽车,002406,远东传动
801880,汽车,002434,万里扬
801880,汽车,002448,中原内配
801880,汽车,002454,松芝股份
801880,汽车,002472,双环传动
801880,汽车,002488,金固股份
801880,汽车,002510,天汽模
801880,汽车,002516,旷达科技
801880,汽车,002536,飞龙股份
801880,汽车,002553,南方轴承
801880,汽车,002590,万安科技
801880,汽车,002592,八菱科技
801880,汽车,002594,比亚迪
801880,汽车,002611,东方精工
801880,汽车,002625,光启技术
801880,汽车,002662,京威股份
801880,汽车,002684,*ST猛狮
801880,汽车,002703,浙江世宝
801880,汽车,002708,光洋股份
801880,汽车,002715,登云股份
801880,汽车,002725,跃岭股份
801880,汽车,002765,蓝黛传动
801880,汽车,002813,路畅科技
801880,汽车,002863,今飞凯达
801880,汽车,002865,钧达股份
801880,汽车,002906,华阳集团
801880,汽车,002921,联诚精密
801880,汽车,300100,双林股份
801880,汽车,300258,精锻科技
801880,汽车,300304,云意电气
801880,汽车,300375,鹏翎股份
801880,汽车,300428,四通新材
801880,汽车,300432,富临精工
801880,汽车,300473,德尔股份
801880,汽车,300507,苏奥传感
801880,汽车,300547,川环科技
801880,汽车,300580,贝斯特
801880,汽车,300585,奥联电子
801880,汽车,300611,美力科技
801880,汽车,300643,万通智控
801880,汽车,300652,雷迪克
801880,汽车,300680,隆盛科技
801880,汽车,300681,英搏尔
801880,汽车,300694,蠡湖股份
801880,汽车,300695,兆丰股份
801880,汽车,300707,威唐工业
801880,汽车,300733,西菱动力
801880,汽车,300742,越博动力
801880,汽车,300816,艾可蓝
801880,汽车,300825,阿尔特
801880,汽车,600006,东风汽车
801880,汽车,600066,宇通客车
801880,汽车,600081,东风科技
801880,汽车,600099,林海股份
801880,汽车,600104,上汽集团
801880,汽车,600148,长春一东
801880,汽车,600166,福田汽车
801880,汽车,600178,东安动力
801880,汽车,600213,亚星客车
801880,汽车,600297,广汇汽车
801880,汽车,600303,曙光股份
801880,汽车,600327,大东方
801880,汽车,600335,国机汽车
801880,汽车,600418,江淮汽车
801880,汽车,600480,凌云股份
801880,汽车,600523,贵航股份
801880,汽车,600609,金杯汽车
801880,汽车,600626,申达股份
801880,汽车,600653,申华控股
801880,汽车,600660,福耀玻璃
801880,汽车,600676,交运股份
801880,汽车,600679,上海凤凰
801880,汽车,600686,金龙汽车
801880,汽车,600698,ST天雁
801880,汽车,600699,均胜电子
801880,汽车,600733,北汽蓝谷
801880,汽车,600741,华域汽车
801880,汽车,600742,一汽富维
801880,汽车,600877,ST电能
801880,汽车,600933,爱柯迪
801880,汽车,600960,渤海汽车
801880,汽车,601127,小康股份
801880,汽车,601238,广汽集团
801880,汽车,601258,ST庞大
801880,汽车,601311,骆驼股份
801880,汽车,601633,长城汽车
801880,汽车,601689,拓普集团
801880,汽车,601717,郑煤机
801880,汽车,601777,力帆股份
801880,汽车,601799,星宇股份
801880,汽车,601965,中国汽研
801880,汽车,603006,联明股份
801880,汽车,603009,北特科技
801880,汽车,603013,亚普股份
801880,汽车,603023,威帝股份
801880,汽车,603035,常熟汽饰
801880,汽车,603037,凯众股份
801880,汽车,603040,新坐标
801880,汽车,603085,天成自控
801880,汽车,603089,正裕工业
801880,汽车,603109,神驰机电
801880,汽车,603121,华培动力
801880,汽车,603129,春风动力
801880,汽车,603158,腾龙股份
801880,汽车,603161,科华控股
801880,汽车,603166,福达股份
801880,汽车,603178,圣龙股份
801880,汽车,603179,新泉股份
801880,汽车,603197,保隆科技
801880,汽车,603239,浙江仙通
801880,汽车,603286,日盈电子
801880,汽车,603305,旭升股份
801880,汽车,603306,华懋科技
801880,汽车,603319,湘油泵
801880,汽车,603335,迪生力
801880,汽车,603348,文灿股份
801880,汽车,603358,华达科技
801880,汽车,603377,东方时尚
801880,汽车,603390,通达电气
801880,汽车,603586,金麒麟
801880,汽车,603596,伯特利
801880,汽车,603655,朗博科技
801880,汽车,603701,德宏股份
801880,汽车,603730,岱美股份
801880,汽车,603758,秦安股份
801880,汽车,603766,隆鑫通用
801880,汽车,603767,中马传动
801880,汽车,603768,常青股份
801880,汽车,603776,永安行
801880,汽车,603786,科博达
801880,汽车,603787,新日股份
801880,汽车,603788,宁波高发
801880,汽车,603809,豪能股份
801880,汽车,603917,合力科技
801880,汽车,603922,金鸿顺
801880,汽车,603926,铁流股份
801880,汽车,603950,长源东谷
801880,汽车,603982,泉峰汽车
801880,汽车,603997,继峰股份
801140,轻工制造,000026,飞亚达
801140,轻工制造,000488,晨鸣纸业
801140,轻工制造,000587,*ST金洲
801140,轻工制造,000659,珠海中富
801140,轻工制造,000663,*ST永林
801140,轻工制造,000695,滨海能源
801140,轻工制造,000812,陕西金叶
801140,轻工制造,000815,美利云
801140,轻工制造,000910,大亚圣象
801140,轻工制造,002012,凯恩股份
801140,轻工制造,002014,永新股份
801140,轻工制造,002067,景兴纸业
801140,轻工制造,002078,太阳纸业
801140,轻工制造,002084,海鸥住工
801140,轻工制造,002117,东港股份
801140,轻工制造,002191,劲嘉股份
801140,轻工制造,002228,合兴包装
801140,轻工制造,002229,鸿博股份
801140,轻工制造,002235,安妮股份
801140,轻工制造,002240,威华股份
801140,轻工制造,002243,通产丽星
801140,轻工制造,002301,齐心集团
801140,轻工制造,002303,美盈森
801140,轻工制造,002345,潮宏基
801140,轻工制造,002348,高乐股份
801140,轻工制造,002356,*ST赫美
801140,轻工制造,002489,浙江永强
801140,轻工制造,002511,中顺洁柔
801140,轻工制造,002521,齐峰新材
801140,轻工制造,002522,浙江众成
801140,轻工制造,002565,顺灏股份
801140,轻工制造,002571,德力股份
801140,轻工制造,002572,索菲亚
801140,轻工制造,002574,明牌珠宝
801140,轻工制造,002575,ST群兴
801140,轻工制造,002585,双星新材
801140,轻工制造,002599,盛通股份
801140,轻工制造,002605,姚记科技
801140,轻工制造,002615,哈尔斯
801140,轻工制造,002631,德尔未来
801140,轻工制造,002678,珠江钢琴
801140,轻工制造,002701,奥瑞金
801140,轻工制造,002721,金一文化
801140,轻工制造,002731,萃华珠宝
801140,轻工制造,002735,王子新材
801140,轻工制造,002740,爱迪尔
801140,轻工制造,002751,易尚展示
801140,轻工制造,002752,昇兴股份
801140,轻工制造,002787,华源控股
801140,轻工制造,002790,瑞尔特
801140,轻工制造,002798,帝欧家居
801140,轻工制造,002799,环球印务
801140,轻工制造,002803,吉宏股份
801140,轻工制造,002831,裕同科技
801140,轻工制造,002836,新宏泽
801140,轻工制造,002846,英联股份
801140,轻工制造,002853,皮阿诺
801140,轻工制造,002862,实丰文化
801140,轻工制造,002867,周大生
801140,轻工制造,002899,英派斯
801140,轻工制造,002951,金时科技
801140,轻工制造,002969,嘉美包装
801140,轻工制造,300057,万顺新材
801140,轻工制造,300329,海伦钢琴
801140,轻工制造,300501,海顺新材
801140,轻工制造,300616,尚品宅配
801140,轻工制造,300640,德艺文创
801140,轻工制造,300651,金陵体育
801140,轻工制造,300703,创源文化
801140,轻工制造,300729,乐歌股份
801140,轻工制造,300749,顶固集创
801140,轻工制造,600069,*ST银鸽
801140,轻工制造,600076,康欣新材
801140,轻工制造,600086,东方金钰
801140,轻工制造,600103,青山纸业
801140,轻工制造,600135,乐凯胶片
801140,轻工制造,600210,紫江企业
801140,轻工制造,600235,民丰特纸
801140,轻工制造,600308,华泰股份
801140,轻工制造,600337,美克家居
801140,轻工制造,600356,恒丰纸业
801140,轻工制造,600433,冠豪高新
801140,轻工制造,600439,瑞贝卡
801140,轻工制造,600539,ST狮头
801140,轻工制造,600567,山鹰纸业
801140,轻工制造,600612,老凤祥
801140,轻工制造,600735,新华锦
801140,轻工制造,600793,宜宾纸业
801140,轻工制造,600836,*ST界龙
801140,轻工制造,600963,岳阳林纸
801140,轻工制造,600966,博汇纸业
801140,轻工制造,600978,*ST宜生
801140,轻工制造,601515,东风股份
801140,轻工制造,601968,宝钢包装
801140,轻工制造,601996,丰林集团
801140,轻工制造,603008,喜临门
801140,轻工制造,603021,山东华鹏
801140,轻工制造,603022,新通联
801140,轻工制造,603058,永吉股份
801140,轻工制造,603059,倍加洁
801140,轻工制造,603165,荣晟环保
801140,轻工制造,603180,金牌厨柜
801140,轻工制造,603195,公牛集团
801140,轻工制造,603208,江山欧派
801140,轻工制造,603221,爱丽家居
801140,轻工制造,603226,菲林格尔
801140,轻工制造,603268,松发股份
801140,轻工制造,603313,梦百合
801140,轻工制造,603326,我乐家居
801140,轻工制造,603385,惠达卫浴
801140,轻工制造,603389,*ST亚振
801140,轻工制造,603398,邦宝益智
801140,轻工制造,603429,集友股份
801140,轻工制造,603499,翔港科技
801140,轻工制造,603600,永艺股份
801140,轻工制造,603607,京华激光
801140,轻工制造,603610,麒盛科技
801140,轻工制造,603661,恒林股份
801140,轻工制造,603687,大胜达
801140,轻工制造,603709,中源家居
801140,轻工制造,603733,仙鹤股份
801140,轻工制造,603801,志邦家居
801140,轻工制造,603816,顾家家居
801140,轻工制造,603818,曲美家居
801140,轻工制造,603833,欧派家居
801140,轻工制造,603838,四通股份
801140,轻工制造,603848,好太太
801140,轻工制造,603863,松炀资源
801140,轻工制造,603898,好莱客
801140,轻工制造,603899,晨光文具
801140,轻工制造,603992,松霖科技
801200,商业贸易,000007,全新好
801200,商业贸易,000019,深粮控股
801200,商业贸易,000058,深赛格
801200,商业贸易,000061,农产品
801200,商业贸易,000151,中成股份
801200,商业贸易,000417,合肥百货
801200,商业贸易,000419,通程控股
801200,商业贸易,000501,鄂武商A
801200,商业贸易,000564,供销大集
801200,商业贸易,000626,远大控股
801200,商业贸易,000715,中兴商业
801200,商业贸易,000759,中百集团
801200,商业贸易,000785,居然之家
801200,商业贸易,000829,天音控股
801200,商业贸易,000861,海印股份
801200,商业贸易,000882,华联股份
801200,商业贸易,000906,浙商中拓
801200,商业贸易,002024,苏宁易购
801200,商业贸易,002091,江苏国泰
801200,商业贸易,002127,南极电商
801200,商业贸易,002187,广百股份
801200,商业贸易,002251,步步高
801200,商业贸易,002264,新华都
801200,商业贸易,002277,友阿股份
801200,商业贸易,002336,*ST人乐
801200,商业贸易,002344,海宁皮城
801200,商业贸易,002416,爱施德
801200,商业贸易,002419,天虹股份
801200,商业贸易,002505,大康农业
801200,商业贸易,002561,徐家汇
801200,商业贸易,002640,跨境通
801200,商业贸易,002697,红旗连锁
801200,商业贸易,002818,富森美
801200,商业贸易,300022,吉峰科技
801200,商业贸易,300622,博士眼镜
801200,商业贸易,300755,华致酒行
801200,商业贸易,600058,五矿发展
801200,商业贸易,600113,浙江东日
801200,商业贸易,600122,*ST宏图
801200,商业贸易,600145,*ST新亿
801200,商业贸易,600247,ST成城
801200,商业贸易,600250,南纺股份
801200,商业贸易,600278,东方创业
801200,商业贸易,600280,*ST中商
801200,商业贸易,600287,江苏舜天
801200,商业贸易,600301,ST南化
801200,商业贸易,600306,*ST商城
801200,商业贸易,600361,华联综超
801200,商业贸易,600415,小商品城
801200,商业贸易,600605,汇通能源
801200,商业贸易,600608,ST沪科
801200,商业贸易,600628,新世界
801200,商业贸易,600655,豫园股份
801200,商业贸易,600693,东百集团
801200,商业贸易,600694,大商股份
801200,商业贸易,600697,欧亚集团
801200,商业贸易,600710,苏美达
801200,商业贸易,600712,南宁百货
801200,商业贸易,600723,首商股份
801200,商业贸易,600729,重庆百货
801200,商业贸易,600738,兰州民百
801200,商业贸易,600753,东方银星
801200,商业贸易,600755,厦门国贸
801200,商业贸易,600774,汉商集团
801200,商业贸易,600778,友好集团
801200,商业贸易,600785,新华百货
801200,商业贸易,600790,轻纺城
801200,商业贸易,600814,杭州解百
801200,商业贸易,600821,*ST劝业
801200,商业贸易,600822,上海物贸
801200,商业贸易,600826,兰生股份
801200,商业贸易,600827,百联股份
801200,商业贸易,600828,茂业商业
801200,商业贸易,600838,上海九百
801200,商业贸易,600857,宁波中百
801200,商业贸易,600858,银座股份
801200,商业贸易,600859,王府井
801200,商业贸易,600861,北京城乡
801200,商业贸易,600865,百大集团
801200,商业贸易,600870,ST厦华
801200,商业贸易,600898,*ST美讯
801200,商业贸易,600981,汇鸿集团
801200,商业贸易,601010,文峰股份
801200,商业贸易,601086,国芳集团
801200,商业贸易,601113,ST华鼎
801200,商业贸易,601116,三江购物
801200,商业贸易,601366,利群股份
801200,商业贸易,601828,美凯龙
801200,商业贸易,601933,永辉超市
801200,商业贸易,603031,安德利
801200,商业贸易,603101,汇嘉时代
801200,商业贸易,603123,翠微股份
801200,商业贸易,603214,爱婴室
801200,商业贸易,603682,锦和商业
801200,商业贸易,603708,家家悦
801200,商业贸易,603900,莱绅通灵
801120,食品饮料,000568,泸州老窖
801120,食品饮料,000596,古井贡酒
801120,食品饮料,000639,西王食品
801120,食品饮料,000716,黑芝麻
801120,食品饮料,000729,燕京啤酒
801120,食品饮料,000752,*ST西发
801120,食品饮料,000799,酒鬼酒
801120,食品饮料,000848,承德露露
801120,食品饮料,000858,五粮液
801120,食品饮料,000860,顺鑫农业
801120,食品饮料,000869,张裕A
801120,食品饮料,000895,双汇发展
801120,食品饮料,000929,兰州黄河
801120,食品饮料,002216,三全食品
801120,食品饮料,002304,洋河股份
801120,食品饮料,002329,皇氏集团
801120,食品饮料,002330,得利斯
801120,食品饮料,002461,珠江啤酒
801120,食品饮料,002481,双塔食品
801120,食品饮料,002495,佳隆股份
801120,食品饮料,002507,涪陵榨菜
801120,食品饮料,002515,金字火腿
801120,食品饮料,002525,胜景山河(I
801120,食品饮料,002557,洽洽食品
801120,食品饮料,002568,百润股份
801120,食品饮料,002570,贝因美
801120,食品饮料,002582,好想你
801120,食品饮料,002646,青青稞酒
801120,食品饮料,002650,加加食品
801120,食品饮料,002661,克明面业
801120,食品饮料,002695,煌上煌
801120,食品饮料,002702,海欣食品
801120,食品饮料,002719,*ST麦趣
801120,食品饮料,002726,龙大肉食
801120,食品饮料,002732,燕塘乳业
801120,食品饮料,002770,科迪乳业
801120,食品饮料,002820,桂发祥
801120,食品饮料,002840,华统股份
801120,食品饮料,002847,盐津铺子
801120,食品饮料,002910,庄园牧场
801120,食品饮料,002946,新乳业
801120,食品饮料,002956,西麦食品
801120,食品饮料,300146,汤臣倍健
801120,食品饮料,300741,华宝股份
801120,食品饮料,300783,三只松鼠
801120,食品饮料,300791,仙乐健康
801120,食品饮料,600059,古越龙山
801120,食品饮料,600073,上海梅林
801120,食品饮料,600084,ST中葡
801120,食品饮料,600132,重庆啤酒
801120,食品饮料,600186,莲花健康
801120,食品饮料,600189,吉林森工
801120,食品饮料,600197,伊力特
801120,食品饮料,600199,金种子酒
801120,食品饮料,600238,ST椰岛
801120,食品饮料,600300,维维股份
801120,食品饮料,600305,恒顺醋业
801120,食品饮料,600365,通葡股份
801120,食品饮料,600419,天润乳业
801120,食品饮料,600429,三元股份
801120,食品饮料,600519,贵州茅台
801120,食品饮料,600543,莫高股份
801120,食品饮料,600559,老白干酒
801120,食品饮料,600573,惠泉啤酒
801120,食品饮料,600597,光明乳业
801120,食品饮料,600600,青岛啤酒
801120,食品饮料,600616,金枫酒业
801120,食品饮料,600702,舍得酒业
801120,食品饮料,600779,水井坊
801120,食品饮料,600809,山西汾酒
801120,食品饮料,600866,星湖科技
801120,食品饮料,600872,中炬高新
801120,食品饮料,600882,妙可蓝多
801120,食品饮料,600887,伊利股份
801120,食品饮料,601579,会稽山
801120,食品饮料,603020,爱普股份
801120,食品饮料,603027,千禾味业
801120,食品饮料,603043,广州酒家
801120,食品饮料,603156,养元饮品
801120,食品饮料,603198,迎驾贡酒
801120,食品饮料,603288,海天味业
801120,食品饮料,603317,天味食品
801120,食品饮料,603345,安井食品
801120,食品饮料,603369,今世缘
801120,食品饮料,603517,绝味食品
801120,食品饮料,603536,惠发食品
801120,食品饮料,603589,口子窖
801120,食品饮料,603696,安记食品
801120,食品饮料,603697,有友食品
801120,食品饮料,603711,香飘飘
801120,食品饮料,603719,良品铺子
801120,食品饮料,603755,日辰股份
801120,食品饮料,603777,来伊份
801120,食品饮料,603779,ST威龙
801120,食品饮料,603866,桃李面包
801120,食品饮料,603886,元祖股份
801120,食品饮料,603919,金徽酒
801120,食品饮料,688089,嘉必优
801770,通信,000032,深桑达A
801770,通信,000063,中兴通讯
801770,通信,000070,特发信息
801770,通信,000586,汇源通信
801770,通信,000836,富通鑫茂
801770,通信,000851,高鸿股份
801770,通信,000889,中嘉博创
801770,通信,000971,*ST高升
801770,通信,002017,东信和平
801770,通信,002089,*ST新海
801770,通信,002093,国脉科技
801770,通信,002104,恒宝股份
801770,通信,002115,三维通信
801770,通信,002194,武汉凡谷
801770,通信,002231,奥维通信
801770,通信,002281,光迅科技
801770,通信,002313,日海智能
801770,通信,002359,*ST北讯
801770,通信,002396,星网锐捷
801770,通信,002446,盛路通信
801770,通信,002467,二六三
801770,通信,002491,通鼎互联
801770,通信,002544,杰赛科技
801770,通信,002583,海能达
801770,通信,002792,通宇通讯
801770,通信,002897,意华股份
801770,通信,002902,铭普光磁
801770,通信,002908,德生科技
801770,通信,002929,润建股份
801770,通信,300017,网宿科技
801770,通信,300025,华星创业
801770,通信,300028,金亚科技
801770,通信,300050,世纪鼎利
801770,通信,300081,恒信东方
801770,通信,300098,高新兴
801770,通信,300134,大富科技
801770,通信,300183,东软载波
801770,通信,300205,天喻信息
801770,通信,300211,亿通科技
801770,通信,300213,佳讯飞鸿
801770,通信,300252,金信诺
801770,通信,300308,中际旭创
801770,通信,300310,宜通世纪
801770,通信,300312,邦讯技术
801770,通信,300353,东土科技
801770,通信,300383,光环新网
801770,通信,300394,天孚通信
801770,通信,300414,中光防雷
801770,通信,300502,新易盛
801770,通信,300504,天邑股份
801770,通信,300513,恒实科技
801770,通信,300531,优博讯
801770,通信,300548,博创科技
801770,通信,300555,路通视信
801770,通信,300560,中富通
801770,通信,300563,神宇股份
801770,通信,300565,科信技术
801770,通信,300570,太辰光
801770,通信,300571,平治信息
801770,通信,300578,会畅通讯
801770,通信,300590,移为通信
801770,通信,300597,吉大通信
801770,通信,300603,立昂技术
801770,通信,300615,欣天科技
801770,通信,300620,光库科技
801770,通信,300627,华测导航
801770,通信,300628,亿联网络
801770,通信,300638,广和通
801770,通信,300689,澄天伟业
801770,通信,300698,万马科技
801770,通信,300710,万隆光电
801770,通信,300711,广哈通信
801770,通信,600050,中国联通
801770,通信,600105,永鼎股份
801770,通信,600130,波导股份
801770,通信,600260,凯乐科技
801770,通信,600289,*ST信通
801770,通信,600293,三峡新材
801770,通信,600345,长江通信
801770,通信,600355,精伦电子
801770,通信,600462,*ST九有
801770,通信,600487,亨通光电
801770,通信,600498,烽火通信
801770,通信,600522,中天科技
801770,通信,600734,实达集团
801770,通信,600775,南京熊猫
801770,通信,600776,东方通信
801770,通信,600804,鹏博士
801770,通信,601869,长飞光纤
801770,通信,603042,华脉科技
801770,通信,603083,剑桥科技
801770,通信,603118,共进股份
801770,通信,603220,中贝通信
801770,通信,603236,移远通信
801770,通信,603322,超讯通信
801770,通信,603421,鼎信通讯
801770,通信,603559,中通国脉
801770,通信,603602,纵横通信
801770,通信,603703,盛洋科技
801770,通信,603712,七一二
801770,通信,603803,瑞斯康达
801770,通信,688080,映翰通
801770,通信,688100,威胜信息
801770,通信,688159,有方科技
801210,休闲服务,000428,华天酒店
801210,休闲服务,000430,张家界
801210,休闲服务,000524,岭南控股
801210,休闲服务,000610,西安旅游
801210,休闲服务,000613,大东海A
801210,休闲服务,000721,西安饮食
801210,休闲服务,000796,凯撒旅业
801210,休闲服务,000888,峨眉山A
801210,休闲服务,000978,桂林旅游
801210,休闲服务,002033,丽江股份
801210,休闲服务,002059,云南旅游
801210,休闲服务,002159,三特索道
801210,休闲服务,002186,全聚德
801210,休闲服务,002306,ST云网
801210,休闲服务,002707,众信旅游
801210,休闲服务,300144,宋城演艺
801210,休闲服务,300178,腾邦国际
801210,休闲服务,300662,科锐国际
801210,休闲服务,300795,米奥会展
801210,休闲服务,600054,黄山旅游
801210,休闲服务,600138,中青旅
801210,休闲服务,600258,首旅酒店
801210,休闲服务,600358,*ST联合
801210,休闲服务,600555,*ST海创
801210,休闲服务,600593,大连圣亚
801210,休闲服务,600706,曲江文旅
801210,休闲服务,600749,西藏旅游
801210,休闲服务,600754,锦江酒店
801210,休闲服务,600965,福成股份
801210,休闲服务,601007,金陵饭店
801210,休闲服务,601888,中国国旅
801210,休闲服务,603099,长白山
801210,休闲服务,603136,天目湖
801210,休闲服务,603199,九华旅游
801150,医药生物,000004,国农科技
801150,医药生物,000028,国药一致
801150,医药生物,000078,海王生物
801150,医药生物,000150,宜华健康
801150,医药生物,000153,丰原药业
801150,医药生物,000403,双林生物
801150,医药生物,000411,英特集团
801150,医药生物,000423,东阿阿胶
801150,医药生物,000503,国新健康
801150,医药生物,000504,ST生物
801150,医药生物,000509,*ST华塑
801150,医药生物,000513,丽珠集团
801150,医药生物,000516,国际医学
801150,医药生物,000518,四环生物
801150,医药生物,000538,云南白药
801150,医药生物,000566,海南海药
801150,医药生物,000590,启迪古汉
801150,医药生物,000597,东北制药
801150,医药生物,000623,吉林敖东
801150,医药生物,000650,仁和药业
801150,医药生物,000661,长春高新
801150,医药生物,000705,浙江震元
801150,医药生物,000710,贝瑞基因
801150,医药生物,000739,普洛药业
801150,医药生物,000756,新华制药
801150,医药生物,000766,通化金马
801150,医药生物,000788,北大医药
801150,医药生物,000790,华神科技
801150,医药生物,000813,德展健康
801150,医药生物,000908,景峰医药
801150,医药生物,000915,山大华特
801150,医药生物,000919,金陵药业
801150,医药生物,000931,中关村
801150,医药生物,000950,重药控股
801150,医药生物,000952,广济药业
801150,医药生物,000963,华东医药
801150,医药生物,000989,九芝堂
801150,医药生物,000999,华润三九
801150,医药生物,002001,新和成
801150,医药生物,002007,华兰生物
801150,医药生物,002019,亿帆医药
801150,医药生物,002020,京新药业
801150,医药生物,002022,科华生物
801150,医药生物,002030,达安基因
801150,医药生物,002038,双鹭药业
801150,医药生物,002044,美年健康
801150,医药生物,002099,海翔药业
801150,医药生物,002102,ST冠福
801150,医药生物,002107,沃华医药
801150,医药生物,002118,紫鑫药业
801150,医药生物,002166,莱茵生物
801150,医药生物,002173,创新医疗
801150,医药生物,002198,嘉应制药
801150,医药生物,002219,*ST恒康
801150,医药生物,002223,鱼跃医疗
801150,医药生物,002252,上海莱士
801150,医药生物,002262,恩华药业
801150,医药生物,002275,桂林三金
801150,医药生物,002287,奇正藏药
801150,医药生物,002294,信立泰
801150,医药生物,002317,众生药业
801150,医药生物,002332,仙琚制药
801150,医药生物,002349,精华制药
801150,医药生物,002365,永安药业
801150,医药生物,002370,亚太药业
801150,医药生物,002382,蓝帆医疗
801150,医药生物,002390,信邦制药
801150,医药生物,002393,力生制药
801150,医药生物,002399,海普瑞
801150,医药生物,002411,延安必康
801150,医药生物,002412,汉森制药
801150,医药生物,002422,科伦药业
801150,医药生物,002424,贵州百灵
801150,医药生物,002432,九安医疗
801150,医药生物,002433,太安堂
801150,医药生物,002435,长江健康
801150,医药生物,002437,誉衡药业
801150,医药生物,002462,嘉事堂
801150,医药生物,002524,光正集团
801150,医药生物,002550,千红制药
801150,医药生物,002551,尚荣医疗
801150,医药生物,002566,益盛药业
801150,医药生物,002581,未名医药
801150,医药生物,002589,瑞康医药
801150,医药生物,002603,以岭药业
801150,医药生物,002626,金达威
801150,医药生物,002644,佛慈制药
801150,医药生物,002653,海思科
801150,医药生物,002675,东诚药业
801150,医药生物,002693,双成药业
801150,医药生物,002710,慈铭体检
801150,医药生物,002727,一心堂
801150,医药生物,002728,特一药业
801150,医药生物,002737,葵花药业
801150,医药生物,002750,龙津药业
801150,医药生物,002755,奥赛康
801150,医药生物,002758,华通医药
801150,医药生物,002773,康弘药业
801150,医药生物,002788,鹭燕医药
801150,医药生物,002793,罗欣药业
801150,医药生物,002817,黄山胶囊
801150,医药生物,002821,凯莱英
801150,医药生物,002826,易明医药
801150,医药生物,002864,盘龙药业
801150,医药生物,002872,*ST天圣
801150,医药生物,002873,新天药业
801150,医药生物,002880,卫光生物
801150,医药生物,002898,赛隆药业
801150,医药生物,002900,哈三联
801150,医药生物,002901,大博医疗
801150,医药生物,002907,华森制药
801150,医药生物,002923,润都股份
801150,医药生物,002932,明德生物
801150,医药生物,002940,昂利康
801150,医药生物,002950,奥美医疗
801150,医药生物,300003,乐普医疗
801150,医药生物,300006,莱美药业
801150,医药生物,300009,安科生物
801150,医药生物,300015,爱尔眼科
801150,医药生物,300016,北陆药业
801150,医药生物,300026,红日药业
801150,医药生物,300030,阳普医疗
801150,医药生物,300039,上海凯宝
801150,医药生物,300049,福瑞股份
801150,医药生物,300086,康芝药业
801150,医药生物,300108,吉药控股
801150,医药生物,300110,华仁药业
801150,医药生物,300122,智飞生物
801150,医药生物,300142,沃森生物
801150,医药生物,300143,盈康生命
801150,医药生物,300147,香雪制药
801150,医药生物,300149,量子生物
801150,医药生物,300158,振东制药
801150,医药生物,300181,佐力药业
801150,医药生物,300194,福安药业
801150,医药生物,300199,翰宇药业
801150,医药生物,300204,舒泰神
801150,医药生物,300206,理邦仪器
801150,医药生物,300233,金城医药
801150,医药生物,300238,冠昊生物
801150,医药生物,300239,东宝生物
801150,医药生物,300244,迪安诊断
801150,医药生物,300246,宝莱特
801150,医药生物,300254,仟源医药
801150,医药生物,300255,常山药业
801150,医药生物,300267,尔康制药
801150,医药生物,300273,和佳医疗
801150,医药生物,300289,利德曼
801150,医药生物,300294,博雅生物
801150,医药生物,300298,三诺生物
801150,医药生物,300314,戴维医疗
801150,医药生物,300318,博晖创新
801150,医药生物,300326,凯利泰
801150,医药生物,300347,泰格医药
801150,医药生物,300357,我武生物
801150,医药生物,300358,楚天科技
801150,医药生物,300361,奥赛康
801150,医药生物,300363,博腾股份
801150,医药生物,300381,溢多利
801150,医药生物,300396,迪瑞医疗
801150,医药生物,300401,花园生物
801150,医药生物,300404,博济医药
801150,医药生物,300406,九强生物
801150,医药生物,300434,金石亚药
801150,医药生物,300436,广生堂
801150,医药生物,300439,美康生物
801150,医药生物,300452,山河药辅
801150,医药生物,300453,三鑫医疗
801150,医药生物,300463,迈克生物
801150,医药生物,300482,万孚生物
801150,医药生物,300485,赛升药业
801150,医药生物,300497,富祥药业
801150,医药生物,300519,新光药业
801150,医药生物,300529,健帆生物
801150,医药生物,300534,陇神戎发
801150,医药生物,300558,贝达药业
801150,医药生物,300562,乐心医疗
801150,医药生物,300573,兴齐眼药
801150,医药生物,300583,赛托生物
801150,医药生物,300584,海辰药业
801150,医药生物,300595,欧普康视
801150,医药生物,300601,康泰生物
801150,医药生物,300630,普利制药
801150,医药生物,300633,开立医疗
801150,医药生物,300636,同和药业
801150,医药生物,300639,凯普生物
801150,医药生物,300642,透景生命
801150,医药生物,300653,正海生物
801150,医药生物,300676,华大基因
801150,医药生物,300677,英科医疗
801150,医药生物,300683,海特生物
801150,医药生物,300685,艾德生物
801150,医药生物,300702,天宇股份
801150,医药生物,300705,九典制药
801150,医药生物,300723,一品红
801150,医药生物,300725,药石科技
801150,医药生物,300753,爱朋医疗
801150,医药生物,300759,康龙化成
801150,医药生物,300760,迈瑞医疗
801150,医药生物,300765,新诺威
801150,医药生物,300832,新产业
801150,医药生物,300841,康华生物
801150,医药生物,600055,万东医疗
801150,医药生物,600056,中国医药
801150,医药生物,600062,华润双鹤
801150,医药生物,600079,人福医药
801150,医药生物,600080,ST金花
801150,医药生物,600085,同仁堂
801150,医药生物,600090,同济堂
801150,医药生物,600129,太极集团
801150,医药生物,600161,天坛生物
801150,医药生物,600196,复星医药
801150,医药生物,600200,江苏吴中
801150,医药生物,600211,西藏药业
801150,医药生物,600216,浙江医药
801150,医药生物,600222,太龙药业
801150,医药生物,600227,圣济堂
801150,医药生物,600252,中恒集团
801150,医药生物,600267,海正药业
801150,医药生物,600272,开开实业
801150,医药生物,600276,恒瑞医药
801150,医药生物,600285,羚锐制药
801150,医药生物,600329,中新药业
801150,医药生物,600332,白云山
801150,医药生物,600351,亚宝药业
801150,医药生物,600380,健康元
801150,医药生物,600420,现代制药
801150,医药生物,600422,昆药集团
801150,医药生物,600436,片仔癀
801150,医药生物,600479,千金药业
801150,医药生物,600488,天药股份
801150,医药生物,600511,国药股份
801150,医药生物,600513,联环药业
801150,医药生物,600518,ST康美
801150,医药生物,600521,华海药业
801150,医药生物,600529,山东药玻
801150,医药生物,600530,*ST交昂
801150,医药生物,600535,天士力
801150,医药生物,600538,国发股份
801150,医药生物,600557,康缘药业
801150,医药生物,600566,济川药业
801150,医药生物,600572,康恩贝
801150,医药生物,600587,新华医疗
801150,医药生物,600594,益佰制药
801150,医药生物,600613,神奇制药
801150,医药生物,600645,中源协和
801150,医药生物,600664,哈药股份
801150,医药生物,600671,天目药业
801150,医药生物,600673,东阳光
801150,医药生物,600682,南京新百
801150,医药生物,600713,南京医药
801150,医药生物,600721,ST百花
801150,医药生物,600739,辽宁成大
801150,医药生物,600750,江中药业
801150,医药生物,600763,通策医疗
801150,医药生物,600767,ST运盛
801150,医药生物,600771,广誉远
801150,医药生物,600781,ST辅仁
801150,医药生物,600789,鲁抗医药
801150,医药生物,600796,钱江生化
801150,医药生物,600812,华北制药
801150,医药生物,600829,人民同泰
801150,医药生物,600833,第一医药
801150,医药生物,600851,海欣股份
801150,医药生物,600867,通化东宝
801150,医药生物,600896,览海医疗
801150,医药生物,600976,健民集团
801150,医药生物,600993,马应龙
801150,医药生物,600998,九州通
801150,医药生物,601206,海尔施
801150,医药生物,601607,上海医药
801150,医药生物,603079,圣达生物
801150,医药生物,603108,润达医疗
801150,医药生物,603127,昭衍新药
801150,医药生物,603139,康惠制药
801150,医药生物,603168,莎普爱思
801150,医药生物,603222,济民制药
801150,医药生物,603229,奥翔药业
801150,医药生物,603233,大参林
801150,医药生物,603259,药明康德
801150,医药生物,603301,振德医疗
801150,医药生物,603309,维力医疗
801150,医药生物,603351,威尔药业
801150,医药生物,603367,辰欣药业
801150,医药生物,603368,柳药股份
801150,医药生物,603387,基蛋生物
801150,医药生物,603392,万泰生物
801150,医药生物,603439,贵州三力
801150,医药生物,603456,九洲药业
801150,医药生物,603520,司太立
801150,医药生物,603538,美诺华
801150,医药生物,603567,珍宝岛
801150,医药生物,603590,康辰药业
801150,医药生物,603658,安图生物
801150,医药生物,603669,灵康药业
801150,医药生物,603676,卫信康
801150,医药生物,603707,健友股份
801150,医药生物,603716,塞力斯
801150,医药生物,603811,诚意药业
801150,医药生物,603858,步长制药
801150,医药生物,603880,南卫股份
801150,医药生物,603882,金域医学
801150,医药生物,603883,老百姓
801150,医药生物,603896,寿仙谷
801150,医药生物,603939,益丰药房
801150,医药生物,603963,大理药业
801150,医药生物,603976,正川股份
801150,医药生物,603987,康德莱
801150,医药生物,603998,方盛制药
801150,医药生物,688016,心脉医疗
801150,医药生物,688029,南微医学
801150,医药生物,688068,热景生物
801150,医药生物,688085,三友医疗
801150,医药生物,688108,赛诺医疗
801150,医药生物,688139,海尔生物
801150,医药生物,688166,博瑞医药
801150,医药生物,688177,百奥泰-U
801150,医药生物,688189,南新制药
801150,医药生物,688198,佰仁医疗
801150,医药生物,688202,美迪西
801150,医药生物,688222,成都先导
801150,医药生物,688266,泽璟制药-U
801150,医药生物,688278,特宝生物
801150,医药生物,688298,东方生物
801150,医药生物,688321,微芯生物
801150,医药生物,688358,祥生医疗
801150,医药生物,688363,华熙生物
801150,医药生物,688366,昊海生科
801150,医药生物,688389,普门科技
801150,医药生物,688399,硕世生物
801150,医药生物,688505,复旦张江
801150,医药生物,688520,神州细胞
801150,医药生物,688566,吉贝尔
801780,银行,000001,平安银行
801780,银行,002142,宁波银行
801780,银行,002807,江阴银行
801780,银行,002839,张家港行
801780,银行,002936,郑州银行
801780,银行,002948,青岛银行
801780,银行,002958,青农商行
801780,银行,002966,苏州银行
801780,银行,600000,浦发银行
801780,银行,600015,华夏银行
801780,银行,600016,民生银行
801780,银行,600036,招商银行
801780,银行,600908,无锡银行
801780,银行,600919,江苏银行
801780,银行,600926,杭州银行
801780,银行,600928,西安银行
801780,银行,601009,南京银行
801780,银行,601077,渝农商行
801780,银行,601128,常熟银行
801780,银行,601166,兴业银行
801780,银行,601169,北京银行
801780,银行,601229,上海银行
801780,银行,601288,农业银行
801780,银行,601328,交通银行
801780,银行,601398,工商银行
801780,银行,601577,长沙银行
801780,银行,601658,邮储银行
801780,银行,601818,光大银行
801780,银行,601838,成都银行
801780,银行,601860,紫金银行
801780,银行,601916,浙商银行
801780,银行,601939,建设银行
801780,银行,601988,中国银行
801780,银行,601997,贵阳银行
801780,银行,601998,中信银行
801780,银行,603323,苏农银行
801050,有色金属,000060,中金岭南
801050,有色金属,000426,兴业矿业
801050,有色金属,000603,盛达资源
801050,有色金属,000612,焦作万方
801050,有色金属,000630,铜陵有色
801050,有色金属,000633,合金投资
801050,有色金属,000657,中钨高新
801050,有色金属,000688,国城矿业
801050,有色金属,000751,锌业股份
801050,有色金属,000758,中色股份
801050,有色金属,000795,英洛华
801050,有色金属,000807,云铝股份
801050,有色金属,000831,五矿稀土
801050,有色金属,000878,云南铜业
801050,有色金属,000933,神火股份
801050,有色金属,000960,锡业股份
801050,有色金属,000962,东方钽业
801050,有色金属,000969,安泰科技
801050,有色金属,000970,中科三环
801050,有色金属,000975,银泰黄金
801050,有色金属,002056,横店东磁
801050,有色金属,002057,中钢天源
801050,有色金属,002114,罗平锌电
801050,有色金属,002130,沃尔核材
801050,有色金属,002149,西部材料
801050,有色金属,002155,湖南黄金
801050,有色金属,002160,常铝股份
801050,有色金属,002167,东方锆业
801050,有色金属,002171,楚江新材
801050,有色金属,002182,云海金属
801050,有色金属,002203,海亮股份
801050,有色金属,002237,恒邦股份
801050,有色金属,002295,精艺股份
801050,有色金属,002340,格林美
801050,有色金属,002378,章源钨业
801050,有色金属,002379,宏创控股
801050,有色金属,002428,云南锗业
801050,有色金属,002460,赣锋锂业
801050,有色金属,002466,天齐锂业
801050,有色金属,002501,*ST利源
801050,有色金属,002540,亚太科技
801050,有色金属,002578,闽发铝业
801050,有色金属,002716,*ST金贵
801050,有色金属,002806,华锋股份
801050,有色金属,002824,和胜股份
801050,有色金属,002842,翔鹭钨业
801050,有色金属,002988,豪美新材
801050,有色金属,300127,银河磁体
801050,有色金属,300224,正海磁材
801050,有色金属,300328,宜安科技
801050,有色金属,300337,银邦股份
801050,有色金属,300395,菲利华
801050,有色金属,300489,中飞股份
801050,有色金属,300618,寒锐钴业
801050,有色金属,300697,电工合金
801050,有色金属,300748,金力永磁
801050,有色金属,300811,铂科新材
801050,有色金属,300828,锐新科技
801050,有色金属,300835,龙磁科技
801050,有色金属,600111,北方稀土
801050,有色金属,600114,东睦股份
801050,有色金属,600206,有研新材
801050,有色金属,600219,南山铝业
801050,有色金属,600255,*ST梦舟
801050,有色金属,600259,广晟有色
801050,有色金属,600311,*ST荣华
801050,有色金属,600330,天通股份
801050,有色金属,600331,宏达股份
801050,有色金属,600338,西藏珠峰
801050,有色金属,600362,江西铜业
801050,有色金属,600366,宁波韵升
801050,有色金属,600385,ST金泰
801050,有色金属,600392,盛和资源
801050,有色金属,600456,宝钛股份
801050,有色金属,600459,贵研铂业
801050,有色金属,600489,中金黄金
801050,有色金属,600490,鹏欣资源
801050,有色金属,600497,驰宏锌锗
801050,有色金属,600516,方大炭素
801050,有色金属,600531,豫光金铅
801050,有色金属,600547,山东黄金
801050,有色金属,600549,厦门钨业
801050,有色金属,600595,ST中孚
801050,有色金属,600614,*ST鹏起
801050,有色金属,600615,ST丰华
801050,有色金属,600687,*ST刚泰
801050,有色金属,600711,盛屯矿业
801050,有色金属,600766,园城黄金
801050,有色金属,600768,宁波富邦
801050,有色金属,600888,新疆众和
801050,有色金属,600961,株冶集团
801050,有色金属,600980,北矿科技
801050,有色金属,600988,赤峰黄金
801050,有色金属,601020,华钰矿业
801050,有色金属,601069,西部黄金
801050,有色金属,601137,博威合金
801050,有色金属,601168,西部矿业
801050,有色金属,601212,白银有色
801050,有色金属,601388,怡球资源
801050,有色金属,601600,中国铝业
801050,有色金属,601609,金田铜业
801050,有色金属,601677,明泰铝业
801050,有色金属,601899,紫金矿业
801050,有色金属,601958,金钼股份
801050,有色金属,603003,龙宇燃油
801050,有色金属,603045,福达合金
801050,有色金属,603115,海星股份
801050,有色金属,603260,合盛硅业
801050,有色金属,603399,吉翔股份
801050,有色金属,603527,众源新材
801050,有色金属,603612,索通发展
801050,有色金属,603663,三祥新材
801050,有色金属,603688,石英股份
801050,有色金属,603799,华友钴业
801050,有色金属,603826,坤彩科技
801050,有色金属,603876,鼎胜新材
801050,有色金属,603978,深圳新星
801050,有色金属,603993,洛阳钼业
801050,有色金属,688122,西部超导
801050,有色金属,688300,联瑞新材
801050,有色金属,688357,建龙微纳
801050,有色金属,688388,嘉元科技
801050,有色金属,688598,金博股份
801230,综合,000009,中国宝安
801230,综合,000409,ST地矿
801230,综合,000632,三木集团
801230,综合,000638,万方发展
801230,综合,000652,泰达股份
801230,综合,000839,中信国安
801230,综合,002967,广电计量
801230,综合,300012,华测检测
801230,综合,300688,创业黑马
801230,综合,300797,钢研纳克
801230,综合,600051,宁波联合
801230,综合,600070,浙江富润
801230,综合,600083,*ST博信
801230,综合,600128,弘业股份
801230,综合,600139,西部资源
801230,综合,600149,ST坊展
801230,综合,600175,*ST美都
801230,综合,600212,*ST江泉
801230,综合,600234,ST山水
801230,综合,600281,太化股份
801230,综合,600382,广东明珠
801230,综合,600556,天下秀
801230,综合,600603,广汇物流
801230,综合,600620,天宸股份
801230,综合,600624,复旦复华
801230,综合,600730,中国高科
801230,综合,600770,综艺股份
801230,综合,600784,鲁银投资
801230,综合,600805,悦达投资
801230,综合,600811,东方集团
801230,综合,600817,ST宏盛
801230,综合,600818,中路股份
801230,综合,603060,国检集团
801230,综合,603183,建研院
000000,现金,000000,现金