DATE,SEC_ID,SEC_NM,OPEN,HIGH,LOW,CLOSE,NUM_SHARES,AMOUNT,NUM_TRANSACTIONS
2016-12-30,002138,顺络电子,16.56,16.65,16.35,16.51,25565.0,42138316.0,1809
2017-01-03,002138,顺络电子,16.51,16.7,16.48,16.57,26266.0,43520488.0,1812
2017-01-04,002138,顺络电子,16.59,16.7,16.37,16.59,70109.0,115833480.0,5105
2017-01-05,002138,顺络电子,16.58,16.94,16.51,16.94,65255.0,109954576.0,4737
2017-01-06,002138,顺络电子,16.94,16.94,16.68,16.73,41727.0,69990536.0,2832
2017-01-09,002138,顺络电子,16.64,16.69,16.5,16.62,62303.0,103327584.0,5031
2017-01-10,002138,顺络电子,16.65,16.82,16.56,16.64,33317.0,55621260.0,3781
2017-01-11,002138,顺络电子,16.6,16.64,16.13,16.31,64019.0,104604464.0,4510
2017-01-12,002138,顺络电子,16.28,16.31,15.99,16.04,52376.0,84515456.0,3477
2017-01-13,002138,顺络电子,16.09,16.19,15.85,15.85,33327.0,53327812.0,2409
2017-01-16,002138,顺络电子,15.85,15.92,14.51,15.2,126403.0,193637232.0,5453
2017-01-17,002138,顺络电子,15.22,15.68,15.13,15.5,40169.0,61945232.0,2816
2017-01-18,002138,顺络电子,15.49,15.77,15.37,15.49,31551.0,49093416.0,1986
2017-01-19,002138,顺络电子,15.59,15.86,15.46,15.53,33723.0,52846240.0,2633
2017-01-20,002138,顺络电子,15.7,16.37,15.7,16.19,60548.0,97562408.0,4332
2017-01-23,002138,顺络电子,16.11,16.32,16.07,16.19,42019.0,67958120.0,2519
2017-01-24,002138,顺络电子,16.2,16.39,16.12,16.33,29313.0,47791088.0,2036
2017-01-25,002138,顺络电子,16.2,16.42,16.13,16.35,42093.0,68604712.0,1943
2017-01-26,002138,顺络电子,16.35,16.44,16.15,16.22,29613.0,48153888.0,1695
2017-02-03,002138,顺络电子,16.29,16.32,16.03,16.1,32136.0,51807788.0,1966
2017-02-06,002138,顺络电子,16.15,16.4,16.05,16.4,30977.0,50264888.0,2060
2017-02-07,002138,顺络电子,16.4,16.53,16.22,16.43,28227.0,46235840.0,2203
2017-02-08,002138,顺络电子,16.37,16.54,16.28,16.52,26920.0,44232600.0,1821
2017-02-09,002138,顺络电子,16.58,16.85,16.5,16.8,47808.0,80066192.0,3095
2017-02-10,002138,顺络电子,16.78,16.92,16.59,16.74,48110.0,80500792.0,2302
2017-02-13,002138,顺络电子,16.74,17.37,16.67,17.37,113320.0,194068256.0,5874
2017-02-14,002138,顺络电子,17.36,17.64,17.2,17.34,56920.0,99102616.0,3720
2017-02-15,002138,顺络电子,17.58,17.95,17.28,17.35,84236.0,148543344.0,6145
2017-02-16,002138,顺络电子,17.35,17.64,17.23,17.64,47689.0,83352144.0,3344
2017-02-17,002138,顺络电子,17.68,17.78,17.26,17.48,52451.0,91753168.0,2999
2017-02-20,002138,顺络电子,17.48,17.8,17.23,17.71,63098.0,111112840.0,3473
2017-02-21,002138,顺络电子,17.71,17.71,17.4,17.7,50760.0,89134360.0,2750
2017-02-22,002138,顺络电子,17.7,17.72,17.46,17.52,41200.0,72322176.0,2683
2017-02-23,002138,顺络电子,17.51,17.56,16.95,17.44,99908.0,171650368.0,5935
2017-02-24,002138,顺络电子,17.33,17.47,17.22,17.34,29894.0,51884992.0,2181
2017-02-27,002138,顺络电子,17.34,17.43,17.08,17.09,37670.0,64967544.0,2460
2017-02-28,002138,顺络电子,17.08,17.25,17.0,17.15,38548.0,66052424.0,2107
2017-03-01,002138,顺络电子,17.28,17.28,17.1,17.1,32913.0,56558024.0,1834
2017-03-02,002138,顺络电子,17.08,17.28,17.08,17.2,38632.0,66389448.0,2114
2017-03-03,002138,顺络电子,17.17,17.56,17.12,17.55,56520.0,98370224.0,3896
2017-03-06,002138,顺络电子,17.57,17.76,17.48,17.73,59063.0,104221464.0,3789
2017-03-07,002138,顺络电子,17.73,17.82,17.54,17.76,46547.0,82194592.0,3020
2017-03-08,002138,顺络电子,17.78,17.78,17.41,17.44,42497.0,74611384.0,2553
2017-03-09,002138,顺络电子,17.45,17.52,17.23,17.25,25657.0,44457520.0,2593
2017-03-10,002138,顺络电子,17.3,17.48,17.26,17.3,28423.0,49324476.0,1934
2017-03-13,002138,顺络电子,17.33,17.8,17.26,17.71,86385.0,152460752.0,4559
2017-03-14,002138,顺络电子,17.72,18.29,17.6,18.19,141025.0,253628704.0,7685
2017-03-15,002138,顺络电子,18.0,18.07,17.73,18.0,82564.0,147722832.0,5694
2017-03-16,002138,顺络电子,18.02,18.62,17.97,18.47,119924.0,219552400.0,7897
2017-03-17,002138,顺络电子,18.69,18.84,18.21,18.5,134998.0,250646928.0,8651
2017-03-20,002138,顺络电子,18.31,18.95,18.22,18.66,108952.0,202385360.0,7253
2017-03-21,002138,顺络电子,18.51,18.6,18.3,18.38,68847.0,126860680.0,4053
2017-03-22,002138,顺络电子,18.31,18.46,18.02,18.24,88291.0,160950672.0,5945
2017-03-23,002138,顺络电子,18.31,18.37,17.9,18.2,97911.0,177844832.0,4913
2017-03-24,002138,顺络电子,18.22,18.6,18.03,18.37,193272.0,354380672.0,10447
2017-03-27,002138,顺络电子,18.45,18.63,17.9,18.17,130365.0,236897920.0,8439
2017-03-28,002138,顺络电子,18.17,18.85,18.03,18.74,263470.0,488574720.0,14248
2017-03-29,002138,顺络电子,18.72,18.83,18.26,18.4,136174.0,252506256.0,7862
2017-03-30,002138,顺络电子,18.29,18.41,18.0,18.0,105530.0,191390512.0,6797
2017-03-31,002138,顺络电子,17.95,18.33,17.92,18.15,65205.0,118379344.0,3968
2017-04-05,002138,顺络电子,18.18,19.39,18.05,19.1,214043.0,405148128.0,11187
2017-04-06,002138,顺络电子,19.09,19.14,18.7,18.95,134171.0,253793408.0,9678
2017-04-07,002138,顺络电子,18.88,19.64,18.81,19.09,190641.0,367102720.0,11252
2017-04-10,002138,顺络电子,19.17,19.42,18.72,18.75,147476.0,280582240.0,7754
2017-04-11,002138,顺络电子,18.74,19.04,18.35,18.98,97700.0,181875936.0,7260
2017-04-12,002138,顺络电子,18.86,18.93,18.56,18.64,55357.0,103667984.0,3830
2017-04-13,002138,顺络电子,18.58,19.04,18.58,18.68,66648.0,125129480.0,4282
2017-04-14,002138,顺络电子,18.68,18.72,18.3,18.33,64449.0,118750296.0,4297
2017-04-17,002138,顺络电子,18.28,18.48,18.08,18.44,69344.0,126693488.0,3721
2017-04-18,002138,顺络电子,18.47,18.69,18.3,18.54,53415.0,98963904.0,3449
2017-04-19,002138,顺络电子,18.5,18.83,18.1,18.65,78049.0,144904528.0,4843
2017-04-20,002138,顺络电子,18.68,19.13,18.63,19.05,107154.0,202933296.0,7442
2017-04-21,002138,顺络电子,19.16,19.2,18.75,18.86,61965.0,117772456.0,6880
2017-04-24,002138,顺络电子,18.99,18.99,18.2,18.7,86611.0,161304048.0,6662
2017-04-25,002138,顺络电子,18.6,19.38,18.54,19.18,148992.0,284622400.0,10135
2017-04-26,002138,顺络电子,19.2,19.89,19.12,19.72,214302.0,419018848.0,11158
2017-04-27,002138,顺络电子,19.6,19.72,19.08,19.6,109839.0,213384240.0,6602
2017-04-28,002138,顺络电子,19.6,20.04,19.38,19.5,107434.0,212233424.0,6604
2017-05-02,002138,顺络电子,17.47,18.29,17.47,17.59,568315.0,1010660288.0,19835
2017-05-03,002138,顺络电子,17.48,18.12,17.32,17.76,151832.0,271110976.0,8780
2017-05-04,002138,顺络电子,17.66,17.92,17.66,17.72,76778.0,136692144.0,3987
2017-05-05,002138,顺络电子,17.86,18.18,17.62,18.0,93442.0,168067328.0,6474
2017-05-08,002138,顺络电子,17.77,18.05,17.59,17.98,69927.0,124977032.0,5478
2017-05-09,002138,顺络电子,17.94,17.99,17.64,17.89,60069.0,107057320.0,5998
2017-05-10,002138,顺络电子,17.73,18.13,17.72,17.9,58477.0,104916416.0,4698
2017-05-11,002138,顺络电子,17.84,17.96,17.1,17.51,110812.0,192013456.0,6450
2017-05-12,002138,顺络电子,17.52,17.83,17.49,17.52,41655.0,73544272.0,3430
2017-05-15,002138,顺络电子,17.58,17.8,17.23,17.74,47303.0,83090336.0,2325
2017-05-16,002138,顺络电子,17.64,18.46,17.64,18.27,80981.0,146900320.0,4599
2017-05-17,002138,顺络电子,18.45,18.85,18.4,18.55,76611.0,142545184.0,4016
2017-05-18,002138,顺络电子,18.4,18.65,18.13,18.32,39974.0,73289072.0,2656
2017-05-19,002138,顺络电子,18.39,18.39,17.93,17.99,55169.0,99855904.0,3354
2017-05-22,002138,顺络电子,18.2,18.2,17.4,17.51,66797.0,118225360.0,5367
2017-05-23,002138,顺络电子,17.47,17.62,17.13,17.25,110002.0,189734496.0,5466
2017-05-24,002138,顺络电子,17.26,17.3,16.62,17.19,83102.0,141257712.0,3780
2017-05-25,002138,顺络电子,17.18,17.3,16.9,17.21,62400.0,107043416.0,2957
2017-05-26,002138,顺络电子,17.3,17.3,17.0,17.15,40115.0,68629760.0,3098
2017-05-31,002138,顺络电子,17.1,17.37,16.99,17.01,43397.0,74407888.0,3978
2017-06-01,002138,顺络电子,17.03,17.09,16.55,16.63,99834.0,168078816.0,3832
2017-06-02,002138,顺络电子,16.6,16.7,15.95,16.21,112472.0,182186928.0,5428
2017-06-05,002138,顺络电子,16.22,17.19,16.22,17.09,62807.0,106054256.0,5300
2017-06-06,002138,顺络电子,17.09,17.22,16.9,17.2,41168.0,70158256.0,3594
2017-06-07,002138,顺络电子,17.19,17.44,17.0,17.35,48607.0,84104448.0,3929
2017-06-08,002138,顺络电子,17.34,17.44,17.12,17.3,40359.0,69751168.0,3269
2017-06-09,002138,顺络电子,17.38,17.69,17.13,17.22,53391.0,92860080.0,3683
2017-06-12,002138,顺络电子,16.7,17.03,16.56,16.9,98350.0,165108912.0,7446
2017-06-13,002138,顺络电子,16.88,17.16,16.58,17.14,97595.0,164425616.0,7228
2017-06-14,002138,顺络电子,17.0,17.34,16.86,17.13,45814.0,78192472.0,3265
2017-06-15,002138,顺络电子,17.1,17.45,17.0,17.38,52219.0,90186688.0,3475
2017-06-16,002138,顺络电子,17.38,17.43,17.15,17.27,32351.0,55899108.0,2943
2017-06-19,002138,顺络电子,17.27,17.75,17.27,17.5,68321.0,119777704.0,2495
2017-06-20,002138,顺络电子,17.53,17.67,17.46,17.53,53032.0,93047312.0,2148
2017-06-21,002138,顺络电子,17.53,17.62,17.25,17.44,29632.0,51632488.0,2263
2017-06-22,002138,顺络电子,17.44,17.82,17.31,17.51,55136.0,97419096.0,4199
2017-06-23,002138,顺络电子,17.51,17.68,17.36,17.59,35846.0,62971696.0,1972
2017-06-26,002138,顺络电子,17.58,17.94,17.53,17.9,61306.0,109362392.0,3351
2017-06-27,002138,顺络电子,17.96,18.22,17.76,17.98,62794.0,113255008.0,3647
2017-06-28,002138,顺络电子,17.98,17.98,17.53,17.75,98086.0,174593136.0,3442
2017-06-29,002138,顺络电子,17.74,18.05,17.58,18.0,75281.0,133730016.0,3751
2017-06-30,002138,顺络电子,18.0,18.0,17.68,17.78,52769.0,94062192.0,3799
2017-07-03,002138,顺络电子,17.76,18.29,17.76,18.26,90535.0,163918944.0,4802
2017-07-04,002138,顺络电子,18.25,18.38,18.08,18.33,53525.0,97638728.0,3113
2017-07-05,002138,顺络电子,18.4,18.4,18.08,18.29,58352.0,106330832.0,2531
2017-07-06,002138,顺络电子,18.36,18.38,17.8,18.29,52506.0,95286536.0,3216
2017-07-07,002138,顺络电子,18.2,18.34,18.01,18.24,46130.0,83945928.0,2349
2017-07-10,002138,顺络电子,18.24,18.24,17.98,18.05,38949.0,70262576.0,2130
2017-07-11,002138,顺络电子,18.05,18.11,17.36,17.5,98785.0,173976432.0,7473
2017-07-12,002138,顺络电子,17.52,17.73,17.26,17.34,48358.0,84133744.0,3459
2017-07-13,002138,顺络电子,17.29,17.72,17.29,17.45,43634.0,76731512.0,2838
2017-07-14,002138,顺络电子,17.58,18.03,17.25,18.0,65338.0,115576192.0,4012
2017-07-17,002138,顺络电子,17.95,17.98,17.12,17.56,51970.0,91116536.0,3161
2017-07-18,002138,顺络电子,17.35,17.48,17.06,17.31,38439.0,66410448.0,3131
2017-07-19,002138,顺络电子,17.31,17.68,17.18,17.62,39824.0,69662848.0,2872
2017-07-20,002138,顺络电子,17.45,18.37,17.45,18.35,136364.0,247535776.0,7504
2017-07-21,002138,顺络电子,18.34,18.62,18.08,18.12,75385.0,138094736.0,4512
2017-07-24,002138,顺络电子,18.06,18.17,17.78,17.95,63155.0,112977040.0,4218
2017-07-25,002138,顺络电子,17.97,17.97,17.48,17.58,66471.0,117775096.0,4072
2017-07-26,002138,顺络电子,17.51,17.75,17.29,17.49,57766.0,100841552.0,3439
2017-07-27,002138,顺络电子,17.4,18.02,17.25,17.84,88362.0,156818768.0,4438
2017-07-28,002138,顺络电子,17.83,18.3,17.66,18.18,74353.0,134123216.0,5350
2017-07-31,002138,顺络电子,18.19,18.25,17.85,18.03,74729.0,134804000.0,4369
2017-08-01,002138,顺络电子,18.0,18.22,17.61,18.1,84128.0,150735648.0,4559
2017-08-02,002138,顺络电子,18.12,18.99,17.97,18.54,121605.0,224102192.0,7844
2017-08-03,002138,顺络电子,18.55,19.15,18.35,18.9,131211.0,246933024.0,8665
2017-08-04,002138,顺络电子,18.87,18.87,18.3,18.61,73080.0,135874064.0,5787
2017-08-07,002138,顺络电子,18.55,18.63,18.19,18.43,55605.0,101786112.0,3949
2017-08-08,002138,顺络电子,18.33,18.5,18.17,18.3,57178.0,104548160.0,2677
2017-08-09,002138,顺络电子,18.25,18.66,18.07,18.39,66561.0,122261672.0,3293
2017-08-10,002138,顺络电子,18.39,18.48,18.0,18.11,72315.0,131500944.0,3908
2017-08-11,002138,顺络电子,18.09,18.09,17.71,17.71,70547.0,126224632.0,2734
2017-08-14,002138,顺络电子,17.73,18.05,17.63,17.99,116668.0,208470800.0,4416
2017-08-15,002138,顺络电子,17.99,19.58,17.95,19.44,247544.0,468001344.0,13073
2017-08-16,002138,顺络电子,19.26,19.34,19.04,19.29,100396.0,192893168.0,8012
2017-08-17,002138,顺络电子,19.27,19.75,19.12,19.38,95831.0,186494560.0,5787
2017-08-18,002138,顺络电子,19.4,19.46,19.05,19.18,60135.0,115464496.0,4890
2017-08-21,002138,顺络电子,19.14,19.8,19.1,19.65,96981.0,189963200.0,5866
2017-08-22,002138,顺络电子,19.66,19.68,19.17,19.35,66930.0,129298784.0,4719
2017-08-23,002138,顺络电子,19.33,19.44,18.91,18.94,61967.0,117968176.0,4333
2017-08-24,002138,顺络电子,18.95,19.13,18.85,18.95,39673.0,75322480.0,2697
2017-08-25,002138,顺络电子,18.95,19.42,18.89,19.3,43769.0,83912592.0,2612
2017-08-28,002138,顺络电子,19.22,19.51,18.97,19.5,84344.0,162655952.0,3753
2017-08-29,002138,顺络电子,19.5,19.62,19.18,19.34,54304.0,105288320.0,3051
2017-08-30,002138,顺络电子,19.43,20.29,19.29,20.2,129513.0,259068688.0,8370
2017-08-31,002138,顺络电子,20.03,20.2,19.95,20.07,70306.0,141018720.0,4625
2017-09-01,002138,顺络电子,19.82,20.1,19.66,20.08,130678.0,259770688.0,8094
2017-09-04,002138,顺络电子,20.09,20.84,19.84,20.39,108672.0,222428224.0,7454
2017-09-05,002138,顺络电子,20.36,20.62,20.23,20.39,45605.0,93064504.0,5086
2017-09-06,002138,顺络电子,20.3,20.3,19.98,20.15,66298.0,133449568.0,3842
2017-09-07,002138,顺络电子,20.15,20.64,20.05,20.4,63941.0,130323840.0,3768
2017-09-08,002138,顺络电子,20.48,20.65,20.22,20.45,60452.0,123331304.0,3207
2017-09-11,002138,顺络电子,20.32,21.01,20.17,20.83,107374.0,222417024.0,8131
2017-09-12,002138,顺络电子,20.83,21.08,20.64,20.88,63940.0,133242560.0,4299
2017-09-13,002138,顺络电子,20.88,21.11,20.54,20.73,66454.0,138110912.0,3545
2017-09-14,002138,顺络电子,20.58,20.73,20.2,20.59,107271.0,220344736.0,4245
2017-09-15,002138,顺络电子,20.61,20.78,20.49,20.71,65648.0,135277904.0,2642
2017-09-18,002138,顺络电子,20.71,21.24,20.63,20.88,73171.0,153840704.0,6639
2017-09-19,002138,顺络电子,20.88,21.3,20.88,21.18,76511.0,161560736.0,4947
2017-09-20,002138,顺络电子,21.31,21.31,20.81,21.03,60626.0,127339712.0,4276
2017-09-21,002138,顺络电子,21.11,21.14,20.6,20.75,49567.0,102909736.0,4058
2017-09-22,002138,顺络电子,20.64,20.84,20.36,20.69,50969.0,104626696.0,3347
2017-09-25,002138,顺络电子,20.51,20.65,20.4,20.52,29992.0,61471640.0,2207
2017-09-26,002138,顺络电子,20.61,20.68,19.63,19.9,87416.0,174930304.0,4709
2017-09-27,002138,顺络电子,19.81,20.16,19.64,19.98,66231.0,131949720.0,4495
2017-09-28,002138,顺络电子,19.9,20.25,19.69,20.08,48927.0,97874232.0,3736
2017-09-29,002138,顺络电子,20.18,20.39,19.93,20.24,40616.0,82041568.0,2343
2017-10-09,002138,顺络电子,20.6,21.06,20.44,20.68,95768.0,198918704.0,5193
2017-10-10,002138,顺络电子,20.68,20.68,20.22,20.42,53547.0,109272584.0,3350
2017-10-11,002138,顺络电子,20.2,20.3,19.74,19.76,67914.0,135317440.0,4772
2017-10-12,002138,顺络电子,19.83,20.01,19.76,19.85,47916.0,95289824.0,2205
2017-10-13,002138,顺络电子,19.85,20.0,19.69,19.91,41423.0,82099592.0,2266
2017-10-16,002138,顺络电子,19.83,20.25,19.69,19.7,69255.0,137780736.0,2790
2017-10-17,002138,顺络电子,19.61,19.85,18.85,19.54,95400.0,184890304.0,4187
2017-10-18,002138,顺络电子,19.47,19.7,19.16,19.2,36584.0,71111032.0,2159
2017-10-19,002138,顺络电子,19.2,19.53,18.95,18.95,32706.0,62776252.0,2681
2017-10-20,002138,顺络电子,19.0,19.11,18.75,18.94,56573.0,106830992.0,3933
2017-10-23,002138,顺络电子,18.94,19.35,18.9,19.27,46925.0,89917008.0,3508
2017-10-24,002138,顺络电子,19.29,19.35,19.0,19.23,34752.0,66509648.0,2575
2017-10-25,002138,顺络电子,19.12,19.39,19.12,19.36,41841.0,80718328.0,2532
2017-10-26,002138,顺络电子,19.37,19.39,18.67,19.12,141521.0,268163552.0,5676
2017-10-27,002138,顺络电子,19.12,19.15,18.78,18.82,59748.0,113010288.0,3784
2017-10-30,002138,顺络电子,18.7,18.85,18.28,18.45,93240.0,172939616.0,5572
2017-10-31,002138,顺络电子,18.45,18.68,18.28,18.5,59460.0,109649224.0,6431
2017-11-01,002138,顺络电子,18.5,19.06,18.42,18.69,105374.0,197526800.0,7349
2017-11-02,002138,顺络电子,18.69,18.74,18.43,18.58,63045.0,117060176.0,5227
2017-11-03,002138,顺络电子,18.59,18.83,18.28,18.33,72051.0,133624424.0,4447
2017-11-06,002138,顺络电子,18.3,19.15,18.05,19.09,148863.0,277335840.0,8530
2017-11-07,002138,顺络电子,18.99,19.31,18.71,19.22,80037.0,151984752.0,5859
2017-11-08,002138,顺络电子,19.01,19.29,18.95,19.04,65175.0,124253280.0,5533
2017-11-09,002138,顺络电子,19.0,19.54,18.96,19.43,124865.0,240703024.0,9759
2017-11-10,002138,顺络电子,19.45,19.75,19.22,19.64,107501.0,209740080.0,7306
2017-11-13,002138,顺络电子,19.59,19.59,19.1,19.22,108189.0,208715952.0,9571
2017-11-14,002138,顺络电子,19.25,19.46,18.8,18.94,92355.0,176859008.0,7928
2017-11-15,002138,顺络电子,18.97,19.49,18.81,19.17,106480.0,204592704.0,7894
2017-11-16,002138,顺络电子,19.09,19.48,18.72,18.9,93612.0,178562304.0,8191
2017-11-17,002138,顺络电子,18.88,18.97,18.32,18.32,88259.0,163830992.0,5662
2017-11-20,002138,顺络电子,18.38,18.81,18.17,18.72,60898.0,112360336.0,4038
2017-11-21,002138,顺络电子,18.82,18.82,18.06,18.18,141645.0,258507792.0,9260
2017-11-22,002138,顺络电子,18.1,18.15,17.2,17.57,148372.0,260896400.0,9156
2017-11-23,002138,顺络电子,17.5,17.5,16.84,16.93,118845.0,203698384.0,6760
2017-11-24,002138,顺络电子,16.98,17.34,16.52,16.6,86207.0,145100912.0,5627
2017-11-27,002138,顺络电子,16.6,17.0,16.36,16.83,83068.0,139379520.0,6724
2017-11-28,002138,顺络电子,16.9,17.2,16.71,17.06,80518.0,136778640.0,6005
2017-11-29,002138,顺络电子,17.41,17.59,17.0,17.19,93523.0,161422832.0,7771
2017-11-30,002138,顺络电子,16.98,17.25,16.75,16.9,52518.0,89130776.0,4251
2017-12-01,002138,顺络电子,16.91,17.03,16.68,16.7,61449.0,103325520.0,4245
2017-12-04,002138,顺络电子,16.73,17.05,16.65,16.94,74848.0,126433144.0,4623
2017-12-05,002138,顺络电子,16.93,17.06,16.7,16.8,53193.0,89672464.0,3048
2017-12-06,002138,顺络电子,16.7,17.0,16.7,16.99,50026.0,84474384.0,3067
2017-12-07,002138,顺络电子,17.0,17.0,16.62,16.78,48416.0,81041296.0,3172
2017-12-08,002138,顺络电子,16.8,17.22,16.68,17.05,92228.0,156272256.0,5780
2017-12-11,002138,顺络电子,16.97,17.66,16.95,17.62,87754.0,152248784.0,8563
2017-12-12,002138,顺络电子,17.55,17.73,17.47,17.68,70862.0,124766352.0,6894
2017-12-13,002138,顺络电子,17.6,17.75,17.28,17.74,96735.0,169552704.0,10035
2017-12-14,002138,顺络电子,17.73,17.9,17.53,17.72,55036.0,97154552.0,4400
2017-12-15,002138,顺络电子,17.67,17.7,17.43,17.48,48226.0,84678296.0,3598
2017-12-18,002138,顺络电子,17.47,17.6,17.3,17.49,42086.0,73351544.0,2279
2017-12-19,002138,顺络电子,17.47,17.61,17.36,17.41,32530.0,56818148.0,2573
2017-12-20,002138,顺络电子,17.26,17.29,16.33,16.59,127200.0,212749248.0,7955
2017-12-21,002138,顺络电子,16.57,16.74,16.0,16.43,139707.0,228355472.0,9799
2017-12-22,002138,顺络电子,16.55,16.85,16.4,16.77,58177.0,97264104.0,4847
2017-12-25,002138,顺络电子,16.63,16.76,16.21,16.27,56104.0,91882256.0,4487
2017-12-26,002138,顺络电子,16.3,16.46,16.23,16.28,40406.0,65942688.0,2769
2017-12-27,002138,顺络电子,16.37,16.37,16.1,16.23,38199.0,61931744.0,3616
2017-12-28,002138,顺络电子,16.12,16.35,15.3,15.91,136314.0,214964016.0,7769
2017-12-29,002138,顺络电子,15.81,16.04,15.77,15.98,49810.0,79314984.0,3378
2018-01-02,002138,顺络电子,16.3,16.3,15.84,15.97,66305.0,105881496.0,5053
2018-01-03,002138,顺络电子,15.94,16.16,15.88,16.12,77366.0,124230264.0,5760
2018-01-04,002138,顺络电子,16.13,16.66,16.12,16.48,80556.0,132927856.0,5939
2018-01-05,002138,顺络电子,16.45,16.85,16.32,16.73,68668.0,114723328.0,4535
2018-01-08,002138,顺络电子,16.68,16.68,16.15,16.53,91919.0,150524432.0,8150
2018-01-09,002138,顺络电子,16.73,16.73,16.3,16.48,40625.0,66900444.0,3046
2018-01-10,002138,顺络电子,16.46,16.51,15.95,16.12,73596.0,118877712.0,5693
2018-01-11,002138,顺络电子,16.33,16.53,16.22,16.44,54456.0,89234840.0,4572
2018-01-12,002138,顺络电子,16.39,16.39,15.77,15.85,91048.0,145558624.0,8214
2018-01-15,002138,顺络电子,15.83,15.84,15.29,15.4,96686.0,148991952.0,7149
2018-01-16,002138,顺络电子,15.46,15.6,15.1,15.3,96579.0,147404112.0,8027
2018-01-17,002138,顺络电子,15.31,15.76,15.06,15.61,107252.0,165170784.0,7204
2018-01-18,002138,顺络电子,15.6,15.64,15.08,15.17,77697.0,119155216.0,6035
2018-01-19,002138,顺络电子,15.17,15.26,14.8,15.04,104540.0,156640512.0,7241
2018-01-22,002138,顺络电子,14.99,15.01,14.52,14.9,101059.0,149070512.0,8215
2018-01-23,002138,顺络电子,14.84,15.08,14.64,14.83,92248.0,136499840.0,6680
2018-01-24,002138,顺络电子,14.8,15.2,14.56,15.2,89529.0,133517616.0,6599
2018-01-25,002138,顺络电子,15.07,15.44,15.03,15.19,65399.0,99780608.0,4902
2018-01-26,002138,顺络电子,15.16,15.26,14.9,15.0,48621.0,73217440.0,3708
2018-01-29,002138,顺络电子,15.04,15.12,14.61,14.75,38281.0,56579876.0,3497
2018-01-30,002138,顺络电子,14.65,14.88,14.65,14.76,34842.0,51438460.0,2691
2018-01-31,002138,顺络电子,14.75,14.8,13.32,14.03,137592.0,192793536.0,7712
2018-02-01,002138,顺络电子,13.98,13.98,13.57,13.62,68768.0,93975616.0,3956
2018-02-02,002138,顺络电子,13.48,13.98,13.29,13.88,79316.0,109615352.0,4189
2018-02-05,002138,顺络电子,13.62,14.02,13.51,13.89,45551.0,63097412.0,3520
2018-02-06,002138,顺络电子,13.65,14.0,13.4,13.51,53951.0,73826464.0,4270
2018-02-07,002138,顺络电子,13.73,13.84,12.41,13.4,95732.0,125617888.0,6717
2018-02-08,002138,顺络电子,13.03,13.44,13.03,13.4,55952.0,74720304.0,3976
2018-02-09,002138,顺络电子,13.06,13.38,12.72,13.28,48370.0,63474628.0,4355
2018-02-12,002138,顺络电子,13.28,14.06,13.25,14.02,47370.0,65048368.0,4089
2018-02-13,002138,顺络电子,14.02,14.62,13.91,14.45,51362.0,74058264.0,4235
2018-02-14,002138,顺络电子,14.65,14.65,14.26,14.43,32721.0,47327924.0,3623
2018-02-22,002138,顺络电子,14.66,14.66,14.26,14.49,30519.0,44136156.0,2345
2018-02-23,002138,顺络电子,14.49,14.75,14.24,14.69,36300.0,52594140.0,3742
2018-02-26,002138,顺络电子,14.75,15.47,14.65,15.47,91653.0,138825600.0,7231
2018-02-27,002138,顺络电子,15.4,15.75,15.2,15.32,45391.0,70189248.0,4720
2018-02-28,002138,顺络电子,15.6,16.9,15.5,16.55,254407.0,417866816.0,14429
2018-03-01,002138,顺络电子,16.4,17.18,16.26,16.87,142631.0,240685536.0,10071
2018-03-02,002138,顺络电子,16.68,17.06,16.62,16.66,55747.0,93261376.0,5758
2018-03-05,002138,顺络电子,16.73,16.88,16.55,16.79,42887.0,71809368.0,5084
2018-03-06,002138,顺络电子,16.8,17.18,16.68,16.9,62585.0,105837576.0,6450
2018-03-07,002138,顺络电子,16.9,16.9,16.43,16.53,52510.0,86943808.0,4916
2018-03-08,002138,顺络电子,16.59,16.73,16.3,16.42,48261.0,79438592.0,4710
2018-03-09,002138,顺络电子,16.54,17.15,16.49,16.98,96386.0,162916560.0,8848
2018-03-12,002138,顺络电子,17.25,17.55,16.92,17.19,111884.0,193211552.0,9746
2018-03-13,002138,顺络电子,17.19,17.19,16.74,16.91,60932.0,102734376.0,6926
2018-03-14,002138,顺络电子,16.76,16.89,16.51,16.56,55984.0,93228904.0,6847
2018-03-15,002138,顺络电子,16.65,16.68,16.07,16.32,66345.0,108053392.0,6396
2018-03-16,002138,顺络电子,16.21,16.51,16.21,16.24,29320.0,47931256.0,2954
2018-03-19,002138,顺络电子,16.24,16.74,16.2,16.52,51551.0,85574968.0,5391
2018-03-20,002138,顺络电子,16.44,16.44,16.12,16.27,37284.0,60568504.0,4232
2018-03-21,002138,顺络电子,16.35,16.66,16.18,16.21,34217.0,56323420.0,4260
2018-03-22,002138,顺络电子,16.2,16.57,16.16,16.4,56130.0,92077992.0,6120
2018-03-23,002138,顺络电子,15.91,16.09,15.15,15.29,70845.0,109996120.0,5699
2018-03-26,002138,顺络电子,15.0,15.65,14.86,15.33,49196.0,74995240.0,5354
2018-03-27,002138,顺络电子,15.54,15.9,15.54,15.81,70600.0,110966312.0,6564
2018-03-28,002138,顺络电子,15.68,15.72,15.51,15.62,40862.0,63869424.0,3070
2018-03-29,002138,顺络电子,15.68,15.86,15.55,15.63,32094.0,50354296.0,3565
2018-03-30,002138,顺络电子,15.7,16.7,15.7,16.51,140553.0,229325344.0,8132
2018-04-02,002138,顺络电子,16.6,18.22,16.59,18.22,341217.0,611037376.0,16002
2018-04-03,002138,顺络电子,18.0,18.38,17.73,18.25,217852.0,394972416.0,14720
2018-04-04,002138,顺络电子,18.41,18.43,17.78,17.9,135488.0,244906592.0,10788
2018-04-09,002138,顺络电子,17.7,18.0,17.31,17.55,113768.0,199691264.0,7463
2018-04-10,002138,顺络电子,17.6,17.67,17.22,17.45,91733.0,159891792.0,5843
2018-04-11,002138,顺络电子,17.48,17.79,17.43,17.54,64645.0,113911000.0,5065
2018-04-12,002138,顺络电子,17.53,17.75,17.36,17.46,57568.0,101217024.0,5590
2018-04-13,002138,顺络电子,17.43,17.86,17.43,17.54,35674.0,62893416.0,3482
2018-04-16,002138,顺络电子,17.67,18.19,17.39,18.05,100469.0,180241584.0,7629
2018-04-17,002138,顺络电子,18.07,18.21,17.33,17.5,65375.0,115708152.0,5687
2018-04-18,002138,顺络电子,17.54,17.88,17.0,17.75,68784.0,120089536.0,6252
2018-04-19,002138,顺络电子,17.75,17.95,17.17,17.37,87669.0,152498032.0,8374
2018-04-20,002138,顺络电子,17.22,17.53,16.92,16.93,85971.0,147792880.0,8151
2018-04-23,002138,顺络电子,16.71,16.71,15.85,15.89,97397.0,157303472.0,7100
2018-04-24,002138,顺络电子,15.87,17.35,15.87,17.28,105817.0,178672048.0,8952
2018-04-25,002138,顺络电子,17.09,17.3,16.49,16.71,125236.0,209194560.0,10738
2018-04-26,002138,顺络电子,16.69,16.76,16.2,16.48,47600.0,78662120.0,5590
2018-04-27,002138,顺络电子,16.65,16.65,16.08,16.4,50775.0,82718568.0,5696
2018-05-02,002138,顺络电子,16.46,16.55,16.1,16.28,40304.0,65790360.0,5661
2018-05-03,002138,顺络电子,16.25,17.39,16.0,17.11,95246.0,160100832.0,8803
2018-05-04,002138,顺络电子,17.06,17.16,16.84,16.96,58994.0,100308736.0,6254
2018-05-07,002138,顺络电子,17.02,17.19,16.79,17.19,64758.0,110330544.0,5757
2018-05-08,002138,顺络电子,17.3,17.5,16.99,17.25,51132.0,87982136.0,4762
2018-05-09,002138,顺络电子,17.18,17.48,17.03,17.3,37054.0,64039456.0,3499
2018-05-10,002138,顺络电子,17.31,17.45,17.16,17.27,37188.0,64160788.0,3132
2018-05-11,002138,顺络电子,17.21,17.4,16.97,17.25,35170.0,60582176.0,2906
2018-05-14,002138,顺络电子,17.58,18.34,17.21,17.27,103963.0,183610624.0,7462
2018-05-15,002138,顺络电子,17.1,17.53,17.01,17.47,57933.0,100174256.0,4298
2018-05-16,002138,顺络电子,17.47,17.72,17.27,17.49,62707.0,110028968.0,3904
2018-05-17,002138,顺络电子,17.57,17.63,17.06,17.22,45794.0,79282760.0,3508
2018-05-18,002138,顺络电子,17.22,17.35,17.01,17.29,38724.0,66444952.0,2557
2018-05-21,002138,顺络电子,17.34,17.37,16.92,16.92,74464.0,127822008.0,4825
2018-05-22,002138,顺络电子,16.94,17.16,16.86,17.1,47088.0,80271616.0,5282
2018-05-23,002138,顺络电子,17.06,17.57,17.06,17.22,74423.0,129087928.0,6245
2018-05-24,002138,顺络电子,17.1,17.35,16.85,16.86,40811.0,69504448.0,5038
2018-05-25,002138,顺络电子,16.75,16.85,16.2,16.25,68380.0,112036176.0,10616
2018-05-28,002138,顺络电子,16.28,16.38,15.98,16.02,40465.0,65131640.0,8032
2018-05-29,002138,顺络电子,16.05,16.45,15.95,16.35,45385.0,73924304.0,5181
2018-05-30,002138,顺络电子,16.01,16.33,15.7,16.1,60311.0,96808248.0,4196
2018-05-31,002138,顺络电子,16.3,16.33,16.05,16.3,34257.0,55522736.0,3221
2018-06-01,002138,顺络电子,16.28,16.28,15.93,16.1,33665.0,54010188.0,4033
2018-06-04,002138,顺络电子,16.07,16.2,15.75,15.96,33680.0,53556312.0,3870
2018-06-05,002138,顺络电子,16.03,16.32,15.84,16.28,63733.0,102896976.0,5199
2018-06-06,002138,顺络电子,16.17,16.3,15.96,16.08,37402.0,60316368.0,3567
2018-06-07,002138,顺络电子,16.12,16.23,15.95,16.01,26567.0,42735016.0,3138
2018-06-08,002138,顺络电子,16.01,16.44,15.9,16.32,58110.0,94342240.0,4892
2018-06-11,002138,顺络电子,16.32,16.69,16.15,16.59,55859.0,92537432.0,4822
2018-06-12,002138,顺络电子,16.52,16.9,16.52,16.57,52163.0,87101624.0,4884
2018-06-13,002138,顺络电子,16.53,16.98,16.32,16.57,74700.0,124744792.0,7313
2018-06-14,002138,顺络电子,16.56,16.7,16.3,16.4,47747.0,78521808.0,4826
2018-06-15,002138,顺络电子,16.4,16.49,15.9,15.92,57065.0,92442456.0,5209
2018-06-19,002138,顺络电子,15.8,15.89,14.61,14.97,84664.0,129753104.0,6093
2018-06-20,002138,顺络电子,14.9,15.2,13.43,15.1,187317.0,263821776.0,9626
2018-06-21,002138,顺络电子,14.8,14.93,14.44,14.7,65936.0,96785792.0,6605
2018-06-22,002138,顺络电子,14.76,15.07,14.4,14.84,31200.0,46222240.0,2906
2018-06-25,002138,顺络电子,14.98,14.99,14.77,14.8,34977.0,52049760.0,3586
2018-06-26,002138,顺络电子,14.55,15.04,14.48,14.94,47739.0,71002080.0,3069
2018-06-27,002138,顺络电子,14.93,15.15,14.74,14.85,47892.0,71589960.0,4078
2018-06-28,002138,顺络电子,14.92,15.01,14.79,14.79,21265.0,31657590.0,2366
2018-06-29,002138,顺络电子,14.75,15.8,14.72,15.61,51173.0,79027624.0,4123
2018-07-02,002138,顺络电子,15.55,16.58,15.48,16.05,85449.0,138624016.0,6565
2018-07-03,002138,顺络电子,16.29,16.59,16.02,16.29,65476.0,107035872.0,6519
2018-07-04,002138,顺络电子,16.18,16.5,16.03,16.19,45003.0,73277600.0,7575
2018-07-05,002138,顺络电子,16.09,16.45,15.86,15.94,46062.0,74215200.0,4802
2018-07-06,002138,顺络电子,16.07,16.32,15.9,16.01,40101.0,64648976.0,4472
2018-07-09,002138,顺络电子,16.35,16.55,15.95,16.0,60810.0,98995992.0,5743
2018-07-10,002138,顺络电子,16.12,16.96,15.9,16.94,108900.0,180398832.0,9888
2018-07-11,002138,顺络电子,16.56,16.56,15.8,16.43,75331.0,122792640.0,7354
2018-07-12,002138,顺络电子,16.18,17.42,16.12,17.29,130530.0,221436976.0,11450
2018-07-13,002138,顺络电子,17.21,17.8,17.21,17.61,87609.0,153352608.0,7862
2018-07-16,002138,顺络电子,17.61,17.78,17.25,17.51,85263.0,149263680.0,6206
2018-07-17,002138,顺络电子,17.46,17.68,17.3,17.45,61602.0,107537720.0,5384
2018-07-18,002138,顺络电子,17.47,17.78,17.08,17.1,95496.0,165648352.0,7746
2018-07-19,002138,顺络电子,17.17,17.42,17.02,17.08,44925.0,77236312.0,6910
2018-07-20,002138,顺络电子,17.8,18.05,17.32,17.67,152816.0,271520960.0,10303
2018-07-23,002138,顺络电子,17.62,18.75,17.62,18.6,203459.0,374700320.0,14291
2018-07-24,002138,顺络电子,18.45,18.77,18.21,18.44,97705.0,180965904.0,11889
2018-07-25,002138,顺络电子,18.51,18.77,18.38,18.74,70811.0,131674888.0,8115
2018-07-26,002138,顺络电子,18.64,18.73,18.0,18.15,85444.0,156050080.0,9182
2018-07-27,002138,顺络电子,18.29,18.36,17.95,18.03,60983.0,110512432.0,7006
2018-07-30,002138,顺络电子,18.03,18.17,17.41,17.57,56420.0,99812864.0,6430
2018-07-31,002138,顺络电子,17.66,17.85,17.44,17.57,50513.0,89018720.0,6144
2018-08-01,002138,顺络电子,17.61,18.06,17.49,17.5,46238.0,81903736.0,5147
2018-08-02,002138,顺络电子,17.43,17.57,16.9,17.55,83234.0,142963744.0,9014
2018-08-03,002138,顺络电子,17.3,17.6,17.1,17.3,48791.0,84781528.0,7541
2018-08-06,002138,顺络电子,17.1,17.4,16.82,16.82,35133.0,59733464.0,5450
2018-08-07,002138,顺络电子,16.84,17.95,16.84,17.88,64223.0,112381928.0,7575
2018-08-08,002138,顺络电子,17.8,17.96,16.87,16.98,71277.0,123833048.0,6953
2018-08-09,002138,顺络电子,17.0,18.26,16.91,18.18,81020.0,144501456.0,8783
2018-08-10,002138,顺络电子,18.17,18.5,18.03,18.4,71800.0,131734864.0,9826
2018-08-13,002138,顺络电子,18.59,18.79,18.3,18.7,98567.0,182940192.0,8458
2018-08-14,002138,顺络电子,18.62,18.62,17.96,18.29,79604.0,144540880.0,6658
2018-08-15,002138,顺络电子,18.28,18.29,17.95,18.0,32798.0,59237256.0,5197
2018-08-16,002138,顺络电子,17.82,17.98,17.5,17.62,45863.0,81364832.0,6551
2018-08-17,002138,顺络电子,17.8,17.97,17.42,17.55,36368.0,64478704.0,5296
2018-08-20,002138,顺络电子,17.54,17.82,16.91,17.33,60219.0,103830472.0,6274
2018-08-21,002138,顺络电子,17.2,18.04,17.2,17.68,47230.0,83571072.0,5148
2018-08-22,002138,顺络电子,17.56,17.8,16.83,16.95,60414.0,103622752.0,6538
2018-08-23,002138,顺络电子,16.98,17.58,16.95,17.54,48728.0,84971792.0,7509
2018-08-24,002138,顺络电子,17.64,17.7,17.1,17.13,38795.0,67175960.0,7099
2018-08-27,002138,顺络电子,17.02,18.1,17.02,18.07,79111.0,141241008.0,9272
2018-08-28,002138,顺络电子,18.06,18.13,17.84,17.96,58262.0,104885640.0,7738
2018-08-29,002138,顺络电子,17.95,17.99,17.6,17.93,42384.0,75343192.0,7875
2018-08-30,002138,顺络电子,17.89,17.89,17.13,17.14,79777.0,138139312.0,10255
2018-08-31,002138,顺络电子,17.14,17.29,16.97,17.13,27495.0,47055216.0,5101
2018-09-03,002138,顺络电子,16.95,17.29,16.8,17.22,35845.0,61124332.0,4892
2018-09-04,002138,顺络电子,17.3,17.34,16.95,17.23,29814.0,51227420.0,3909
2018-09-05,002138,顺络电子,17.04,17.26,16.94,16.96,26822.0,45737268.0,3527
2018-09-06,002138,顺络电子,16.92,17.12,16.41,16.42,43564.0,72712256.0,4395
2018-09-07,002138,顺络电子,16.42,16.83,16.25,16.35,36938.0,61013228.0,5748
2018-09-10,002138,顺络电子,16.35,16.48,15.78,15.92,44130.0,70373088.0,4543
2018-09-11,002138,顺络电子,16.05,16.35,15.7,16.04,38696.0,61902128.0,5100
2018-09-12,002138,顺络电子,16.04,16.46,15.9,16.11,37682.0,61153160.0,4669
2018-09-13,002138,顺络电子,16.4,16.74,16.4,16.57,43078.0,71452136.0,3886
2018-09-14,002138,顺络电子,16.5,16.85,16.28,16.4,29020.0,47972352.0,3078
2018-09-17,002138,顺络电子,16.41,16.53,16.11,16.3,25096.0,41013980.0,3894
2018-09-18,002138,顺络电子,16.32,16.43,15.75,16.04,64621.0,103030472.0,6477
2018-09-19,002138,顺络电子,15.99,16.1,15.59,15.9,70496.0,111641272.0,5913
2018-09-20,002138,顺络电子,15.9,16.03,15.65,15.78,44890.0,70923248.0,6609
2018-09-21,002138,顺络电子,15.77,15.95,15.53,15.86,65260.0,102610592.0,4892
2018-09-25,002138,顺络电子,15.76,16.12,15.7,15.98,30909.0,49421868.0,4264
2018-09-26,002138,顺络电子,16.06,16.33,15.84,16.17,47147.0,76163536.0,6383
2018-09-27,002138,顺络电子,16.2,16.26,15.61,16.17,66068.0,104875320.0,8548
2018-09-28,002138,顺络电子,15.95,16.14,15.7,16.1,50739.0,80810656.0,10189
2018-10-08,002138,顺络电子,15.72,16.11,15.6,16.1,44803.0,70861464.0,4110
2018-10-09,002138,顺络电子,15.96,16.08,15.73,16.02,36454.0,57917336.0,6376
2018-10-10,002138,顺络电子,15.83,15.98,15.66,15.87,38186.0,60343236.0,2592
2018-10-11,002138,顺络电子,15.59,15.59,14.5,15.43,54828.0,83049368.0,4808
2018-10-12,002138,顺络电子,15.17,15.7,14.9,15.43,35067.0,53956416.0,3189
2018-10-15,002138,顺络电子,15.44,15.67,14.69,14.7,38068.0,57356040.0,3541
2018-10-16,002138,顺络电子,15.0,15.0,13.64,13.88,75060.0,106491200.0,6492
2018-10-17,002138,顺络电子,13.94,14.14,13.16,13.76,74161.0,101061000.0,5955
2018-10-18,002138,顺络电子,13.79,13.79,13.2,13.22,76982.0,103397816.0,6383
2018-10-19,002138,顺络电子,13.16,13.8,13.01,13.77,87406.0,117984808.0,8139
2018-10-22,002138,顺络电子,14.0,14.54,13.82,14.35,182541.0,258048128.0,11724
2018-10-23,002138,顺络电子,14.5,14.6,13.42,13.6,182919.0,252132624.0,14732
2018-10-24,002138,顺络电子,13.58,13.69,13.22,13.39,59259.0,79359464.0,6604
2018-10-25,002138,顺络电子,12.95,13.61,12.59,13.56,93634.0,124168664.0,8041
2018-10-26,002138,顺络电子,13.7,13.93,13.32,13.48,78468.0,106353592.0,8223
2018-10-29,002138,顺络电子,13.45,13.49,13.14,13.17,39574.0,52568664.0,5049
2018-10-30,002138,顺络电子,13.18,13.28,12.64,13.02,100024.0,129165696.0,10714
2018-10-31,002138,顺络电子,13.08,13.34,12.91,13.3,84174.0,110298936.0,8158
2018-11-01,002138,顺络电子,13.36,13.8,13.21,13.47,92213.0,124759112.0,7268
2018-11-02,002138,顺络电子,13.9,14.05,13.71,14.02,114565.0,159529120.0,11620
2018-11-05,002138,顺络电子,14.0,14.47,13.85,14.12,92744.0,131497232.0,7034
2018-11-06,002138,顺络电子,14.04,14.25,13.92,14.19,37555.0,52840740.0,3441
2018-11-07,002138,顺络电子,14.12,14.5,14.07,14.29,61003.0,87509064.0,4754
2018-11-08,002138,顺络电子,14.44,14.47,13.83,13.85,53634.0,75096624.0,4494
2018-11-09,002138,顺络电子,13.85,14.25,13.76,14.1,68950.0,97289000.0,12857
2018-11-12,002138,顺络电子,14.16,14.53,14.0,14.45,62206.0,89317928.0,5928
2018-11-13,002138,顺络电子,14.2,14.8,14.11,14.63,71631.0,104731240.0,10987
2018-11-14,002138,顺络电子,14.66,14.78,14.42,14.49,31699.0,46154992.0,3510
2018-11-15,002138,顺络电子,14.5,14.73,14.31,14.71,44403.0,64450084.0,4572
2018-11-16,002138,顺络电子,14.73,14.88,14.41,14.6,48508.0,70912232.0,8692
2018-11-19,002138,顺络电子,14.76,14.85,14.56,14.7,57143.0,83982496.0,5333
2018-11-20,002138,顺络电子,14.65,14.65,14.11,14.17,54413.0,78287152.0,5973
2018-11-21,002138,顺络电子,14.1,14.17,13.43,13.67,135844.0,185511216.0,9375
2018-11-22,002138,顺络电子,13.65,13.85,13.58,13.78,58656.0,80679640.0,6581
2018-11-23,002138,顺络电子,13.67,13.85,13.34,13.39,59076.0,79617952.0,7134
2018-11-26,002138,顺络电子,13.4,13.41,13.1,13.17,44210.0,58753684.0,4241
2018-11-27,002138,顺络电子,13.31,13.38,13.21,13.26,45272.0,60234156.0,6599
2018-11-28,002138,顺络电子,13.25,13.75,13.08,13.67,65702.0,88781976.0,5823
2018-11-29,002138,顺络电子,13.76,14.05,13.63,13.71,77268.0,106821408.0,6546
2018-11-30,002138,顺络电子,13.5,13.77,13.33,13.71,29922.0,40633040.0,6210
2018-12-03,002138,顺络电子,14.07,14.55,13.97,14.23,99426.0,142085360.0,8338
2018-12-04,002138,顺络电子,14.23,14.55,14.21,14.46,52812.0,76011000.0,5378
2018-12-05,002138,顺络电子,14.29,14.43,14.18,14.29,54650.0,77956384.0,11271
2018-12-06,002138,顺络电子,14.13,14.32,13.81,13.86,62378.0,87553544.0,10726
2018-12-07,002138,顺络电子,13.9,14.2,13.86,13.93,38628.0,54116592.0,9198
2018-12-10,002138,顺络电子,13.6,13.88,13.52,13.6,47315.0,64660936.0,5927
2018-12-11,002138,顺络电子,13.59,13.82,13.59,13.76,33949.0,46528444.0,5060
2018-12-12,002138,顺络电子,13.83,13.92,13.53,13.72,40497.0,55751792.0,4781
2018-12-13,002138,顺络电子,13.76,14.02,13.66,13.94,48999.0,67966840.0,6087
2018-12-14,002138,顺络电子,13.88,13.91,13.54,13.58,34774.0,47692452.0,5090
2018-12-17,002138,顺络电子,13.54,13.61,13.4,13.55,36081.0,48712660.0,5138
2018-12-18,002138,顺络电子,13.48,13.54,13.27,13.42,25286.0,33900312.0,4023
2018-12-19,002138,顺络电子,13.5,13.55,13.26,13.3,33082.0,44425880.0,4713
2018-12-20,002138,顺络电子,13.23,13.43,13.22,13.32,21626.0,28822432.0,3548
2018-12-21,002138,顺络电子,13.32,13.5,13.2,13.41,33076.0,44172976.0,4693
2018-12-24,002138,顺络电子,13.41,13.71,13.32,13.71,47866.0,65136056.0,4019
2018-12-25,002138,顺络电子,13.51,14.09,13.43,13.95,64291.0,88299352.0,7501
2018-12-26,002138,顺络电子,13.92,13.97,13.67,13.68,32062.0,44198780.0,4904
2018-12-27,002138,顺络电子,13.83,13.9,13.14,13.15,52338.0,70958384.0,6606
2018-12-28,002138,顺络电子,13.16,13.64,13.16,13.44,42988.0,57742684.0,5551
2019-01-02,002138,顺络电子,13.57,13.8,13.45,13.68,49510.0,67680776.0,7039
2019-01-03,002138,顺络电子,13.6,13.88,13.19,13.32,47618.0,64576280.0,9557
2019-01-04,002138,顺络电子,13.16,13.7,13.05,13.66,35509.0,47837560.0,5979
2019-01-07,002138,顺络电子,13.79,14.0,13.67,13.94,51538.0,71560608.0,5186
2019-01-08,002138,顺络电子,13.89,14.33,13.84,14.2,73290.0,103578640.0,8330
2019-01-09,002138,顺络电子,14.18,14.33,13.9,14.05,65203.0,92184184.0,8905
2019-01-10,002138,顺络电子,14.04,14.23,13.95,14.08,30601.0,43148940.0,4448
2019-01-11,002138,顺络电子,14.08,14.42,13.92,14.2,59705.0,84515232.0,5423
2019-01-14,002138,顺络电子,14.17,14.17,13.91,14.02,27438.0,38421256.0,3722
2019-01-15,002138,顺络电子,14.05,14.3,13.94,14.26,47453.0,67408648.0,6312
2019-01-16,002138,顺络电子,14.29,14.45,14.26,14.3,47112.0,67628824.0,5075
2019-01-17,002138,顺络电子,14.36,14.36,13.85,14.05,59639.0,84182536.0,5835
2019-01-18,002138,顺络电子,14.1,14.35,13.94,14.27,50610.0,71749744.0,5916
2019-01-21,002138,顺络电子,14.34,14.46,14.23,14.33,55816.0,80066888.0,6129
2019-01-22,002138,顺络电子,14.35,14.85,14.3,14.5,82134.0,119710456.0,8418
2019-01-23,002138,顺络电子,14.41,14.65,14.36,14.6,29816.0,43366912.0,4891
2019-01-24,002138,顺络电子,14.58,14.85,14.32,14.61,70702.0,103532728.0,9654
2019-01-25,002138,顺络电子,14.55,15.25,14.45,14.93,108070.0,161239760.0,10122
2019-01-28,002138,顺络电子,15.19,15.23,14.91,15.08,59558.0,89890544.0,7181
2019-01-29,002138,顺络电子,15.0,15.06,14.6,14.81,47628.0,70430016.0,5601
2019-01-30,002138,顺络电子,14.68,15.0,14.68,14.8,22470.0,33306472.0,3493
2019-01-31,002138,顺络电子,14.85,15.05,14.68,14.77,35218.0,52287712.0,5581
2019-02-01,002138,顺络电子,14.8,15.25,14.78,15.24,63631.0,96140992.0,5625
2019-02-11,002138,顺络电子,15.3,15.9,15.24,15.87,86424.0,135748960.0,10331
2019-02-12,002138,顺络电子,15.82,16.23,15.72,16.06,65602.0,104936192.0,5644
2019-02-13,002138,顺络电子,16.13,16.65,15.99,16.36,95536.0,155806960.0,7551
2019-02-14,002138,顺络电子,16.25,16.34,16.08,16.18,56945.0,92274600.0,7322
2019-02-15,002138,顺络电子,16.18,16.39,15.97,16.2,62676.0,101119872.0,7070
2019-02-18,002138,顺络电子,16.33,16.6,16.07,16.55,101714.0,166328720.0,10042
2019-02-19,002138,顺络电子,16.7,16.74,16.13,16.49,71422.0,117314576.0,7730
2019-02-20,002138,顺络电子,16.47,16.58,16.25,16.48,41032.0,67201096.0,8006
2019-02-21,002138,顺络电子,16.46,16.84,16.3,16.6,74167.0,122924840.0,7740
2019-02-22,002138,顺络电子,16.67,17.22,16.36,17.22,169146.0,284375712.0,9973
2019-02-25,002138,顺络电子,17.71,18.65,17.7,18.1,273976.0,496760064.0,16542
2019-02-26,002138,顺络电子,18.1,18.27,17.45,17.8,127135.0,227319216.0,9576
2019-02-27,002138,顺络电子,17.8,17.92,17.45,17.71,97907.0,172848768.0,8355
2019-02-28,002138,顺络电子,17.39,17.81,17.11,17.54,126969.0,220299552.0,9865
2019-03-01,002138,顺络电子,17.58,17.63,17.12,17.57,92396.0,161318320.0,7790
2019-03-04,002138,顺络电子,18.07,18.1,17.15,17.54,200353.0,351591328.0,11648
2019-03-05,002138,顺络电子,17.38,17.57,17.03,17.57,188113.0,324393824.0,14577
2019-03-06,002138,顺络电子,17.55,17.94,17.16,17.49,186991.0,326311392.0,12168
2019-03-07,002138,顺络电子,17.47,17.8,17.17,17.54,172321.0,301481376.0,12508
2019-03-08,002138,顺络电子,17.2,18.05,17.0,17.16,172301.0,300445088.0,14008
2019-03-11,002138,顺络电子,17.14,17.56,16.87,17.56,178407.0,308200128.0,11732
2019-03-12,002138,顺络电子,17.76,17.89,17.34,17.79,186676.0,328565312.0,13946
2019-03-13,002138,顺络电子,17.61,17.72,17.03,17.25,143966.0,249601584.0,10886
2019-03-14,002138,顺络电子,17.12,17.12,16.1,16.34,154234.0,254247520.0,11756
2019-03-15,002138,顺络电子,16.47,16.56,15.98,16.29,103684.0,168831152.0,8273
2019-03-18,002138,顺络电子,16.35,16.86,16.09,16.75,131857.0,218104656.0,10183
2019-03-19,002138,顺络电子,16.78,17.19,16.7,17.01,116195.0,197119968.0,12519
2019-03-20,002138,顺络电子,16.96,17.06,16.48,16.68,109872.0,183677296.0,14715
2019-03-21,002138,顺络电子,16.72,16.94,16.58,16.75,88213.0,148271040.0,9796
2019-03-22,002138,顺络电子,16.76,16.95,16.33,16.57,93664.0,155032352.0,11247
2019-03-25,002138,顺络电子,16.4,17.03,16.33,16.8,138622.0,233161568.0,15592
2019-03-26,002138,顺络电子,16.93,17.03,16.38,16.47,119415.0,199236656.0,12630
2019-03-27,002138,顺络电子,16.55,17.23,16.22,17.02,192145.0,324959296.0,18027
2019-03-28,002138,顺络电子,17.18,17.91,16.84,17.49,272286.0,478710336.0,25828
2019-03-29,002138,顺络电子,17.59,18.61,17.54,18.51,285754.0,518858784.0,24246
2019-04-01,002138,顺络电子,18.8,19.19,18.43,18.55,272099.0,509382752.0,25742
2019-04-02,002138,顺络电子,18.56,18.78,18.24,18.52,187327.0,346270304.0,14041
2019-04-03,002138,顺络电子,18.4,18.53,17.96,18.4,164876.0,301987488.0,11262
2019-04-04,002138,顺络电子,18.55,18.9,18.2,18.28,165460.0,305742912.0,15539
2019-04-08,002138,顺络电子,18.45,18.53,17.87,18.22,158021.0,286785984.0,15970
2019-04-09,002138,顺络电子,18.1,18.75,18.05,18.6,188834.0,350093312.0,16146
2019-04-10,002138,顺络电子,18.45,18.72,18.12,18.49,117541.0,216819024.0,13020
2019-04-11,002138,顺络电子,18.62,18.7,17.96,17.97,109493.0,198982224.0,10513
2019-04-12,002138,顺络电子,18.0,18.19,17.81,17.9,58666.0,105509864.0,7147
2019-04-15,002138,顺络电子,18.18,18.49,17.84,17.86,136300.0,247819952.0,10644
2019-04-16,002138,顺络电子,17.91,19.07,17.62,19.01,251130.0,466091840.0,17973
2019-04-17,002138,顺络电子,19.01,19.79,18.95,19.23,287785.0,559300480.0,22346
2019-04-18,002138,顺络电子,19.23,19.85,19.1,19.35,179157.0,350161344.0,14802
2019-04-19,002138,顺络电子,19.31,19.67,18.86,19.42,154988.0,298322144.0,13198
2019-04-22,002138,顺络电子,19.17,20.6,18.91,20.0,249786.0,499362336.0,19529
2019-04-23,002138,顺络电子,20.2,20.47,19.25,19.5,188209.0,372130432.0,18381
2019-04-24,002138,顺络电子,19.67,20.01,19.17,19.79,113204.0,221984384.0,14093
2019-04-25,002138,顺络电子,19.79,19.87,18.98,18.98,96831.0,187474224.0,10233
2019-04-26,002138,顺络电子,18.86,20.45,18.83,19.91,189781.0,378163776.0,14508
2019-04-29,002138,顺络电子,20.1,20.19,18.9,18.98,172703.0,334007232.0,15075
2019-04-30,002138,顺络电子,19.25,19.94,19.0,19.5,105724.0,206721600.0,13467
2019-05-06,002138,顺络电子,18.2,18.68,17.53,17.6,243966.0,440045984.0,18041
2019-05-07,002138,顺络电子,17.79,18.69,17.77,18.29,126275.0,230260192.0,14426
2019-05-08,002138,顺络电子,17.8,19.0,17.62,18.07,149732.0,276124128.0,15744
2019-05-09,002138,顺络电子,17.75,18.7,17.75,17.84,109317.0,198562272.0,12539
2019-05-10,002138,顺络电子,18.25,19.0,17.79,18.93,170474.0,316770496.0,13546
2019-05-13,002138,顺络电子,18.68,18.77,17.83,18.02,134740.0,246058272.0,13409
2019-05-14,002138,顺络电子,17.7,18.19,17.6,17.89,92858.0,166598240.0,9471
2019-05-15,002138,顺络电子,18.1,18.38,17.96,18.25,100563.0,183126048.0,9512
2019-05-16,002138,顺络电子,18.1,18.12,16.48,17.32,286301.0,493179840.0,24000
2019-05-17,002138,顺络电子,17.24,17.69,17.1,17.26,161337.0,280071712.0,18500
2019-05-20,002138,顺络电子,17.19,17.25,15.65,16.39,228040.0,369417280.0,20824
2019-05-21,002138,顺络电子,16.39,17.03,16.19,16.62,131878.0,219174784.0,14862
2019-05-22,002138,顺络电子,16.69,17.13,16.31,16.51,111347.0,185940752.0,14308
2019-05-23,002138,顺络电子,16.4,16.4,15.31,15.76,184565.0,290395264.0,17189
2019-05-24,002138,顺络电子,15.72,15.97,15.37,15.49,116553.0,182139216.0,15447
2019-05-27,002138,顺络电子,15.32,15.64,14.72,15.45,295722.0,449700768.0,23547
2019-05-28,002138,顺络电子,15.3,15.7,15.24,15.43,181421.0,281463424.0,19966
2019-05-29,002138,顺络电子,15.44,15.47,14.94,15.1,152150.0,231438976.0,19519
2019-05-30,002138,顺络电子,15.19,15.42,14.92,15.23,129095.0,195856560.0,19478
2019-05-31,002138,顺络电子,15.19,15.27,14.93,14.98,107589.0,161960368.0,15412
2019-06-03,002138,顺络电子,14.98,15.42,14.6,15.23,169681.0,254695312.0,15865
2019-06-04,002138,顺络电子,15.24,15.61,14.98,15.35,155313.0,237534608.0,16671
2019-06-05,002138,顺络电子,15.58,15.61,15.02,15.2,137096.0,209619472.0,11264
2019-06-06,002138,顺络电子,15.17,15.17,14.65,14.69,106493.0,157413456.0,9719
2019-06-10,002138,顺络电子,14.69,15.25,14.62,15.19,104512.0,157042448.0,10058
2019-06-11,002138,顺络电子,15.07,16.16,14.91,15.94,195663.0,307186816.0,15008
2019-06-12,002138,顺络电子,15.8,16.12,15.8,16.05,116457.0,186160880.0,11983
2019-06-13,002138,顺络电子,15.91,16.36,15.9,16.03,85721.0,137811504.0,10454
2019-06-14,002138,顺络电子,16.03,16.12,15.65,15.69,70182.0,111305408.0,8122
2019-06-17,002138,顺络电子,15.7,15.88,15.41,15.64,59351.0,92708736.0,6936
2019-06-18,002138,顺络电子,15.75,15.75,15.3,15.65,47387.0,73811984.0,5898
2019-06-19,002138,顺络电子,16.9,17.2,16.36,16.46,200131.0,332975520.0,13505
2019-06-20,002138,顺络电子,16.45,16.73,16.25,16.55,110111.0,181786944.0,10135
2019-06-21,002138,顺络电子,16.65,17.09,16.61,16.8,82104.0,138570768.0,6793
2019-06-24,002138,顺络电子,16.8,16.89,16.26,16.4,111751.0,184441088.0,11877
2019-06-25,002138,顺络电子,16.45,16.47,15.8,16.04,109451.0,175352576.0,13986
2019-06-26,002138,顺络电子,16.09,16.56,15.92,16.27,154680.0,252889888.0,14786
2019-06-27,002138,顺络电子,16.4,17.72,16.4,17.65,273323.0,473502816.0,24033
2019-06-28,002138,顺络电子,17.52,17.58,17.12,17.38,121258.0,209888832.0,16318
2019-07-01,002138,顺络电子,18.91,18.94,18.23,18.6,265180.0,493624256.0,22673
2019-07-02,002138,顺络电子,18.69,18.88,18.28,18.55,133442.0,248071328.0,17689
2019-07-03,002138,顺络电子,18.3,18.5,18.0,18.23,98543.0,178937376.0,12065
2019-07-04,002138,顺络电子,18.17,18.46,17.98,18.31,94647.0,172959552.0,14415
2019-07-05,002138,顺络电子,18.2,18.55,18.15,18.27,62508.0,114709936.0,9522
2019-07-08,002138,顺络电子,18.28,18.4,17.74,17.95,91642.0,164736544.0,12654
2019-07-09,002138,顺络电子,18.09,18.28,17.85,18.09,69007.0,124769264.0,13047
2019-07-10,002138,顺络电子,18.18,18.92,18.18,18.46,112030.0,208113392.0,9617
2019-07-11,002138,顺络电子,18.4,18.9,18.24,18.61,88221.0,164220560.0,8304
2019-07-12,002138,顺络电子,18.54,18.61,17.94,18.42,45900.0,84198608.0,5973
2019-07-15,002138,顺络电子,18.43,18.88,18.13,18.54,76528.0,142563952.0,7054
2019-07-16,002138,顺络电子,18.37,18.88,18.37,18.6,62263.0,116326576.0,5043
2019-07-17,002138,顺络电子,18.52,18.86,18.45,18.6,116479.0,218121616.0,9711
2019-07-18,002138,顺络电子,18.45,18.45,17.81,17.96,102230.0,184415136.0,12512
2019-07-19,002138,顺络电子,18.05,18.95,18.0,18.5,149833.0,278933248.0,19716
2019-07-22,002138,顺络电子,18.74,18.93,17.95,18.05,169399.0,312829760.0,23240
2019-07-23,002138,顺络电子,17.87,18.83,17.81,18.57,183516.0,341301024.0,21002
2019-07-24,002138,顺络电子,18.8,19.65,18.8,19.49,223622.0,434568704.0,23615
2019-07-25,002138,顺络电子,19.24,20.04,19.24,19.92,252289.0,500488320.0,33190
2019-07-26,002138,顺络电子,19.84,21.35,19.75,20.88,259066.0,532856320.0,21382
2019-07-29,002138,顺络电子,20.84,21.74,20.66,21.5,177308.0,378499488.0,16921
2019-07-30,002138,顺络电子,21.37,21.77,21.08,21.09,157996.0,337190176.0,17122
2019-07-31,002138,顺络电子,21.18,21.82,21.0,21.48,151301.0,324604704.0,18836
2019-08-01,002138,顺络电子,21.35,22.38,21.32,21.6,154482.0,336723648.0,18333
2019-08-02,002138,顺络电子,20.87,22.13,20.52,21.75,231220.0,491024480.0,23429
2019-08-05,002138,顺络电子,21.55,21.82,20.94,20.97,193151.0,411781440.0,25953
2019-08-06,002138,顺络电子,20.69,21.7,20.32,21.57,203728.0,427193760.0,26523
2019-08-07,002138,顺络电子,21.78,21.87,20.55,20.86,178665.0,375471648.0,21273
2019-08-08,002138,顺络电子,20.83,21.43,20.38,21.05,179652.0,377039264.0,22458
2019-08-09,002138,顺络电子,20.99,21.88,20.39,20.54,196777.0,414088224.0,19478
2019-08-12,002138,顺络电子,20.45,22.61,20.37,22.61,362731.0,785862784.0,37242
2019-08-13,002138,顺络电子,22.93,23.68,22.85,23.27,364716.0,845302144.0,37902
2019-08-14,002138,顺络电子,23.74,24.38,22.31,22.4,401924.0,934822592.0,42802
2019-08-15,002138,顺络电子,22.12,22.77,21.63,22.7,281831.0,627477696.0,34627
2019-08-16,002138,顺络电子,22.6,23.89,22.46,23.27,330895.0,768420544.0,33461
2019-08-19,002138,顺络电子,24.18,24.57,23.55,23.77,364050.0,873840128.0,36873
2019-08-20,002138,顺络电子,23.36,23.84,23.03,23.32,231902.0,542140416.0,33535
2019-08-21,002138,顺络电子,23.13,24.31,22.71,24.01,286484.0,674862592.0,33974
2019-08-22,002138,顺络电子,23.78,23.9,23.01,23.12,216781.0,505938336.0,28319
2019-08-23,002138,顺络电子,23.08,23.19,22.44,22.95,229551.0,523391072.0,24528
2019-08-26,002138,顺络电子,22.45,23.23,22.33,22.7,173266.0,393114592.0,20502
2019-08-27,002138,顺络电子,22.78,23.55,22.51,22.79,239220.0,550239488.0,22570
2019-08-28,002138,顺络电子,22.58,22.79,22.38,22.63,141978.0,320367488.0,14228
2019-08-29,002138,顺络电子,22.8,23.29,22.63,22.83,179817.0,412981088.0,16794
2019-08-30,002138,顺络电子,23.09,23.1,20.53,20.65,492702.0,1060581440.0,47655
2019-09-02,002138,顺络电子,20.5,21.98,20.11,21.57,357403.0,757651456.0,42564
2019-09-03,002138,顺络电子,21.69,22.27,21.29,22.11,303714.0,663661568.0,38123
2019-09-04,002138,顺络电子,22.28,22.55,21.92,22.2,200052.0,444659808.0,24086
2019-09-05,002138,顺络电子,22.36,23.56,22.31,22.84,259618.0,596257792.0,30307
2019-09-06,002138,顺络电子,23.22,23.55,22.56,23.0,206214.0,472873888.0,31682
2019-09-09,002138,顺络电子,23.18,25.19,23.08,25.06,346682.0,841807744.0,32861
2019-09-10,002138,顺络电子,24.85,25.3,23.91,24.92,298521.0,733394560.0,29057
2019-09-11,002138,顺络电子,24.8,25.57,24.1,24.3,246624.0,610974144.0,27165
2019-09-12,002138,顺络电子,24.12,24.5,23.68,24.03,158458.0,381692384.0,20990
2019-09-16,002138,顺络电子,24.18,24.28,23.56,23.98,201683.0,483541184.0,21871
2019-09-17,002138,顺络电子,24.0,24.23,23.23,23.6,191486.0,454062176.0,23023
2019-09-18,002138,顺络电子,23.59,23.83,22.65,23.25,224257.0,519449792.0,38238
2019-09-19,002138,顺络电子,23.4,24.23,23.35,23.95,222202.0,530864224.0,22427
2019-09-20,002138,顺络电子,24.3,24.58,23.4,23.44,392060.0,936469824.0,40581
2019-09-23,002138,顺络电子,23.6,24.45,23.15,24.04,355812.0,848441984.0,43653
2019-09-24,002138,顺络电子,24.0,24.85,23.8,24.41,395024.0,960252224.0,38777
2019-09-25,002138,顺络电子,24.1,24.13,22.4,22.58,386947.0,888775616.0,39248
2019-09-26,002138,顺络电子,22.41,22.65,21.18,21.89,265576.0,581391424.0,23513
2019-09-27,002138,顺络电子,21.71,22.46,21.71,22.08,173530.0,384095104.0,16921
2019-09-30,002138,顺络电子,22.05,22.26,21.0,21.51,140622.0,304485472.0,16730
2019-10-08,002138,顺络电子,21.54,21.88,20.54,20.72,236032.0,496796480.0,30048
2019-10-09,002138,顺络电子,20.7,21.1,20.16,20.87,185073.0,381870848.0,24717
2019-10-10,002138,顺络电子,20.89,21.63,20.62,21.5,195885.0,416069024.0,23541
2019-10-11,002138,顺络电子,21.79,21.88,21.33,21.5,162877.0,351813632.0,17435
2019-10-14,002138,顺络电子,21.8,22.69,21.8,22.23,237611.0,530687648.0,30675
2019-10-15,002138,顺络电子,22.14,22.23,21.2,21.26,148919.0,322079776.0,19102
2019-10-16,002138,顺络电子,21.38,21.52,20.59,20.79,178428.0,373474016.0,20993
2019-10-17,002138,顺络电子,20.93,21.2,20.61,20.75,131294.0,274043424.0,18823
2019-10-18,002138,顺络电子,20.8,20.81,19.79,19.98,206132.0,417207392.0,27857
2019-10-21,002138,顺络电子,19.87,20.33,19.81,20.24,129198.0,259777200.0,15634
2019-10-22,002138,顺络电子,20.3,20.63,20.2,20.58,108601.0,222080512.0,16408
2019-10-23,002138,顺络电子,20.7,21.14,20.36,20.74,146597.0,305868896.0,16911
2019-10-24,002138,顺络电子,20.62,20.8,20.03,20.56,113286.0,230779216.0,17190
2019-10-25,002138,顺络电子,19.8,20.27,18.97,20.08,382036.0,747433088.0,28932
2019-10-28,002138,顺络电子,19.98,21.4,19.75,21.01,278836.0,580525312.0,33081
2019-10-29,002138,顺络电子,21.02,21.18,20.71,20.79,129580.0,270996096.0,17942
2019-10-30,002138,顺络电子,20.67,21.23,20.45,20.96,114591.0,239991936.0,14934
2019-10-31,002138,顺络电子,21.08,21.48,20.86,21.04,144137.0,305034048.0,16859
2019-11-01,002138,顺络电子,20.96,21.24,20.54,20.98,128732.0,268700096.0,16295
2019-11-04,002138,顺络电子,21.0,21.82,20.89,21.57,191323.0,411811296.0,20511
2019-11-05,002138,顺络电子,21.58,22.03,21.5,21.98,185147.0,402295616.0,18675
2019-11-06,002138,顺络电子,21.94,21.94,21.2,21.68,168521.0,362150880.0,20090
2019-11-07,002138,顺络电子,21.57,21.95,21.42,21.54,117915.0,255743264.0,14176
2019-11-08,002138,顺络电子,21.66,23.1,21.66,22.74,321825.0,726431616.0,30736
2019-11-11,002138,顺络电子,23.03,24.0,22.78,22.96,392599.0,920304768.0,35838
2019-11-12,002138,顺络电子,22.81,23.71,22.59,23.02,245405.0,566212800.0,28343
2019-11-13,002138,顺络电子,22.88,23.93,22.76,23.53,263939.0,620873792.0,41290
2019-11-14,002138,顺络电子,23.43,24.13,23.24,23.94,209067.0,496287328.0,22982
2019-11-15,002138,顺络电子,23.88,24.34,23.51,23.64,226096.0,542088704.0,22527
2019-11-18,002138,顺络电子,23.69,23.77,22.84,23.4,216749.0,505383904.0,24211
2019-11-19,002138,顺络电子,23.5,23.61,23.06,23.42,172170.0,401794880.0,19210
2019-11-20,002138,顺络电子,23.4,23.52,22.48,22.63,244548.0,560296640.0,25387
2019-11-21,002138,顺络电子,22.47,22.95,22.33,22.68,140056.0,318097888.0,18426
2019-11-22,002138,顺络电子,22.88,24.59,22.86,23.39,398787.0,943178048.0,47867
2019-11-25,002138,顺络电子,23.5,23.5,21.83,22.46,313831.0,707514688.0,32352
2019-11-26,002138,顺络电子,22.66,22.93,21.9,22.08,170046.0,380326048.0,22197
2019-11-27,002138,顺络电子,22.2,22.95,22.04,22.6,180044.0,407000288.0,25705
2019-11-28,002138,顺络电子,22.64,23.89,22.41,23.65,334800.0,777243520.0,32551
2019-11-29,002138,顺络电子,23.6,23.8,22.93,23.32,198925.0,465382304.0,25924
2019-12-02,002138,顺络电子,23.46,24.99,23.06,24.7,355275.0,864854656.0,38063
2019-12-03,002138,顺络电子,24.47,24.75,24.11,24.72,203155.0,496383104.0,27138
2019-12-04,002138,顺络电子,24.4,25.19,24.16,24.97,319128.0,786440192.0,33840
2019-12-05,002138,顺络电子,24.8,25.45,24.6,24.6,376807.0,942936768.0,34216
2019-12-06,002138,顺络电子,24.81,25.07,24.18,24.76,325531.0,799496512.0,26970
2019-12-09,002138,顺络电子,24.8,25.86,24.73,25.1,397589.0,1006016192.0,37227
2019-12-10,002138,顺络电子,24.71,25.24,24.35,25.22,351726.0,872478272.0,29029
2019-12-11,002138,顺络电子,25.22,25.24,23.92,23.96,376259.0,918533632.0,34944
2019-12-12,002138,顺络电子,23.77,24.74,23.61,24.3,284803.0,693326848.0,23994
2019-12-13,002138,顺络电子,24.6,24.65,23.82,24.43,213061.0,518203648.0,18658
2019-12-16,002138,顺络电子,24.7,25.46,24.65,25.17,321735.0,806943360.0,30300
2019-12-17,002138,顺络电子,24.95,26.0,24.86,25.94,386978.0,982472832.0,32661
2019-12-18,002138,顺络电子,25.73,26.2,25.03,25.2,385981.0,987730880.0,37185
2019-12-19,002138,顺络电子,25.06,25.29,24.45,24.9,223629.0,554949632.0,22086
2019-12-20,002138,顺络电子,24.9,25.1,24.54,24.8,134597.0,333375648.0,14514
2019-12-23,002138,顺络电子,24.4,24.66,23.87,23.9,184938.0,448287136.0,18328
2019-12-24,002138,顺络电子,24.02,24.26,23.41,24.23,171276.0,409856224.0,18223
2019-12-25,002138,顺络电子,24.0,24.94,23.9,24.75,173965.0,427931904.0,17380
2019-12-26,002138,顺络电子,24.59,24.89,24.4,24.56,129226.0,317649408.0,13766
2019-12-27,002138,顺络电子,24.5,24.68,23.65,23.68,173354.0,418442144.0,16892
2019-12-30,002138,顺络电子,23.51,23.52,22.76,23.2,203353.0,470646016.0,21566
2019-12-31,002138,顺络电子,23.21,23.51,22.75,22.9,211910.0,487571040.0,21828
2020-01-02,002138,顺络电子,23.1,23.88,23.0,23.7,267710.0,629888576.0,29471
2020-01-03,002138,顺络电子,23.93,25.81,23.9,25.15,473847.0,1186272384.0,43079
2020-01-06,002138,顺络电子,25.05,26.08,24.91,25.79,405550.0,1039658688.0,43621
2020-01-07,002138,顺络电子,25.8,26.24,25.38,25.78,213404.0,549619584.0,26188
2020-01-08,002138,顺络电子,25.68,26.12,25.26,25.49,238597.0,611114240.0,26672
2020-01-09,002138,顺络电子,25.87,26.12,25.38,25.89,212765.0,546622912.0,25470
2020-01-10,002138,顺络电子,25.97,26.08,25.25,25.61,171064.0,438328800.0,21630
2020-01-13,002138,顺络电子,25.51,26.23,25.33,26.01,234086.0,604999936.0,25589
2020-01-14,002138,顺络电子,26.43,26.67,25.0,25.06,338451.0,862323008.0,38786
2020-01-15,002138,顺络电子,25.08,25.62,24.98,25.31,198265.0,501608352.0,24439
2020-01-16,002138,顺络电子,25.41,25.84,25.26,25.36,205164.0,524722656.0,21875
2020-01-17,002138,顺络电子,25.5,25.57,24.96,25.09,135971.0,343367488.0,19255
2020-01-20,002138,顺络电子,25.1,26.0,25.03,25.71,207880.0,532665696.0,21146
2020-01-21,002138,顺络电子,25.75,26.16,25.57,25.79,192425.0,496912416.0,25043
2020-01-22,002138,顺络电子,25.65,25.82,24.28,25.66,318006.0,795806912.0,36149
2020-01-23,002138,顺络电子,25.28,26.86,24.58,25.12,367822.0,953728768.0,40040
2020-02-03,002138,顺络电子,22.59,22.77,22.59,22.59,149322.0,337473888.0,10268
2020-02-04,002138,顺络电子,22.1,23.1,21.98,22.84,317060.0,714301120.0,34664
2020-02-05,002138,顺络电子,22.84,23.65,22.15,22.44,343541.0,784716480.0,35203
2020-02-06,002138,顺络电子,22.41,23.35,21.97,23.22,380711.0,856794304.0,35167
2020-02-07,002138,顺络电子,23.62,23.77,23.1,23.69,407666.0,955929088.0,39488
2020-02-10,002138,顺络电子,23.53,23.76,23.05,23.69,320755.0,751180160.0,31147
2020-02-11,002138,顺络电子,23.52,24.08,23.3,23.82,311138.0,737033088.0,30948
2020-02-12,002138,顺络电子,24.24,24.35,23.63,24.25,343890.0,826858944.0,25947
2020-02-13,002138,顺络电子,24.1,24.9,23.91,24.24,310419.0,757474176.0,32205
2020-02-14,002138,顺络电子,24.1,25.1,24.02,24.49,268756.0,662186944.0,25390
2020-02-17,002138,顺络电子,24.79,25.78,24.68,25.64,304686.0,767759104.0,27678
2020-02-18,002138,顺络电子,25.74,26.41,25.33,26.4,323718.0,837448576.0,30533
2020-02-19,002138,顺络电子,26.18,26.9,25.93,26.0,323498.0,851945792.0,28940
2020-02-20,002138,顺络电子,26.22,26.47,25.41,26.2,355693.0,922970624.0,30132
2020-02-21,002138,顺络电子,26.54,27.6,26.48,27.25,485529.0,1310872320.0,39824
2020-02-24,002138,顺络电子,27.55,29.98,27.26,29.49,613241.0,1767396096.0,46888
2020-02-25,002138,顺络电子,28.64,31.73,28.07,31.45,709430.0,2137935872.0,60010
2020-02-26,002138,顺络电子,31.09,31.09,28.48,28.82,461785.0,1372830464.0,45928
2020-02-27,002138,顺络电子,29.0,30.54,28.28,29.09,378352.0,1110079488.0,39073
2020-02-28,002138,顺络电子,27.35,27.97,26.16,26.31,449580.0,1205635200.0,41325
2020-03-02,002138,顺络电子,26.95,27.32,25.58,26.8,433558.0,1151816320.0,34824
2020-03-03,002138,顺络电子,27.31,27.87,26.3,26.67,360379.0,977435648.0,33696
2020-03-04,002138,顺络电子,26.3,26.59,25.03,25.63,450734.0,1161009280.0,42546
2020-03-05,002138,顺络电子,26.3,26.42,25.31,25.92,308311.0,796179200.0,31405
2020-03-06,002138,顺络电子,25.53,25.97,25.35,25.42,210273.0,538588032.0,23369
2020-03-09,002138,顺络电子,24.8,24.8,23.18,23.18,378611.0,906293568.0,40345
2020-03-10,002138,顺络电子,22.91,24.44,22.68,24.42,293823.0,695475968.0,32024
2020-03-11,002138,顺络电子,24.4,24.86,23.63,23.66,246509.0,598313216.0,25861
2020-03-12,002138,顺络电子,23.24,23.91,22.71,23.13,240251.0,559683072.0,25198
2020-03-13,002138,顺络电子,21.76,23.17,21.68,22.7,273963.0,615087936.0,27746
2020-03-16,002138,顺络电子,22.87,22.96,20.46,20.72,399269.0,861819648.0,45236
2020-03-17,002138,顺络电子,21.01,21.39,19.99,20.88,288834.0,597693632.0,39055
2020-03-18,002138,顺络电子,21.13,22.01,20.91,20.98,304661.0,652594816.0,35491
2020-03-19,002138,顺络电子,21.11,21.78,20.89,21.73,275816.0,589065024.0,34036
2020-03-20,002138,顺络电子,22.12,22.19,21.42,21.79,188168.0,409492800.0,20649
2020-03-23,002138,顺络电子,20.95,21.28,20.11,20.23,204321.0,423279808.0,24391
2020-03-24,002138,顺络电子,20.8,20.92,19.58,20.59,187351.0,380781504.0,19444
2020-03-25,002138,顺络电子,21.3,21.45,20.98,21.23,205684.0,437089344.0,20140
2020-03-26,002138,顺络电子,21.03,21.14,20.44,20.6,135369.0,281835200.0,16633
2020-03-27,002138,顺络电子,21.03,21.42,20.59,20.68,200855.0,422260384.0,30969
2020-03-30,002138,顺络电子,20.2,20.3,19.7,20.06,191537.0,382209568.0,21445
2020-03-31,002138,顺络电子,20.36,20.55,19.93,20.01,125605.0,255013408.0,14136
2020-04-01,002138,顺络电子,20.16,20.62,19.85,20.2,160747.0,327182048.0,18730
2020-04-02,002138,顺络电子,20.06,21.1,20.05,21.07,208542.0,429524480.0,24057
2020-04-03,002138,顺络电子,20.97,21.05,20.45,20.53,137009.0,283511904.0,15871
2020-04-07,002138,顺络电子,21.3,21.4,20.93,21.18,168113.0,355189984.0,18880
2020-04-08,002138,顺络电子,21.19,21.82,21.02,21.82,220342.0,474317376.0,27825
2020-04-09,002138,顺络电子,22.0,22.0,21.57,21.6,136604.0,296401344.0,14505
2020-04-10,002138,顺络电子,21.62,21.69,20.69,20.85,150233.0,316831136.0,16496
2020-04-13,002138,顺络电子,20.68,20.68,20.19,20.33,95376.0,194678000.0,13589
2020-04-14,002138,顺络电子,20.54,20.93,20.48,20.89,109041.0,225641824.0,14233
2020-04-15,002138,顺络电子,20.98,21.36,20.78,21.06,142036.0,299519456.0,17187
2020-04-16,002138,顺络电子,20.85,21.41,20.6,21.21,153458.0,322341568.0,23130
2020-04-17,002138,顺络电子,21.46,22.01,21.46,21.65,247832.0,539013760.0,31216
2020-04-20,002138,顺络电子,22.04,22.11,21.79,21.94,172125.0,378046368.0,33816
2020-04-21,002138,顺络电子,21.89,21.89,21.3,21.55,118217.0,254560512.0,18785
2020-04-22,002138,顺络电子,21.4,21.87,21.28,21.75,120848.0,262369872.0,17530
2020-04-23,002138,顺络电子,21.92,21.97,21.36,21.4,123443.0,267489968.0,17546
2020-04-24,002138,顺络电子,21.51,21.6,20.54,20.75,127693.0,267881056.0,16410
